{"stats":{"minecraft:used":{"minecraft:diamond_boots":1,"minecraft:stone_shovel":7,"minecraft:baked_potato":29,"minecraft:diamond_axe":372,"minecraft:cooked_chicken":12,"minecraft:torch":65,"minecraft:dirt":1211,"minecraft:diamond_helmet":1,"minecraft:diamond_pickaxe":123,"minecraft:diamond_shovel":812,"minecraft:birch_sapling":7,"minecraft:fishing_rod":8,"minecraft:diamond_sword":60,"minecraft:diamond_chestplate":1,"minecraft:cobblestone":3,"minecraft:bow":44,"minecraft:oak_sapling":1,"simplytools:iron_excavator":375,"simplytools:stone_excavator":175,"tombstone:gift":2,"minecraft:egg":2,"minecraft:bone_meal":18,"minecraft:diamond_leggings":1},"minecraft:killed":{"minecraft:husk":3,"born_in_chaos_v1:restless_spirit":1,"minecraft:spider":2,"born_in_chaos_v1:siamese_skeletonsright":1,"minecraft:creeper":1,"born_in_chaos_v1:maggot":2,"minecraft:skeleton":5,"minecraft:zombie":9,"born_in_chaos_v1:corpse_fly":4,"minecraft:stray":2,"majruszsdifficulty:creeperling":1,"born_in_chaos_v1:siamese_skeletonsleft":1},"minecraft:dropped":{"minecraft:wheat_seeds":2,"minecraft:diamond_axe":1,"minecraft:baked_potato":3,"born_in_chaos_v1:ethereal_spirit":2,"minecraft:pointed_dripstone":4,"minecraft:raw_iron":2,"minecraft:cobblestone":1,"minecraft:rotten_flesh":8,"patchouli:guide_book":1,"minecraft:poppy":2,"minecraft:potato":1,"minecraft:gunpowder":1,"minecraft:jungle_stairs":1,"minecraft:andesite":1,"born_in_chaos_v1:corpse_maggot":3,"minecraft:white_wool":32},"minecraft:crafted":{"usefulbackpacks:backpack_small":1,"minecraft:bone_meal":18},"minecraft:mined":{"minecraft:spruce_planks":79,"minecraft:farmland":18,"minecraft:jungle_leaves":10,"minecraft:torch":4,"minecraft:granite":14,"minecraft:jungle_stairs":2,"minecraft:emerald_ore":2,"minecraft:spruce_fence":21,"minecraft:grass_block":868,"minecraft:chest":1,"minecraft:jungle_log":1,"minecraft:acacia_slab":48,"minecraft:diorite":17,"minecraft:seagrass":1,"minecraft:dark_oak_trapdoor":1,"minecraft:carrots":1,"minecraft:birch_log":18,"minecraft:iron_ore":2,"minecraft:wheat":1,"minecraft:acacia_stairs":15,"minecraft:andesite":1,"minecraft:birch_leaves":6,"minecraft:cocoa":2,"minecraft:grass":20,"minecraft:pointed_dripstone":1,"minecraft:oak_log":5,"minecraft:coal_ore":14,"minecraft:vine":4,"minecraft:acacia_fence":10,"minecraft:dirt":502,"minecraft:stripped_acacia_log":108,"minecraft:spruce_slab":48,"minecraft:jungle_trapdoor":6,"minecraft:orange_bed":1,"minecraft:stone":70,"minecraft:oak_leaves":30,"minecraft:fern":3},"minecraft:picked_up":{"minecraft:birch_log":35,"minecraft:fishing_rod":1,"minecraft:cocoa_beans":6,"born_in_chaos_v1:corpse_maggot":3,"minecraft:wheat":4,"artifacts:night_vision_goggles":1,"minecraft:jungle_log":1,"minecraft:andesite":2,"minecraft:salmon":1,"minecraft:leather":39,"minecraft:diamond_sword":2,"minecraft:potato":2,"minecraft:enchanted_book":1,"minecraft:oak_log":6,"minecraft:gunpowder":2,"mca:book_romance":1,"minecraft:dirt":1261,"minecraft:string":2,"tombstone:gift":1,"minecraft:bone":6,"minecraft:bow":1,"minecraft:wheat_seeds":41,"minecraft:diamond_leggings":1,"simplytools:stone_excavator":1,"minecraft:spruce_planks":45,"minecraft:cooked_chicken":22,"minecraft:poppy":2,"minecraft:diamond_helmet":1,"minecraft:birch_sapling":7,"minecraft:egg":2,"minecraft:tipped_arrow":1,"minecraft:stick":3,"minecraft:raw_iron":2,"minecraft:acacia_log":1,"minecraft:torch":98,"born_in_chaos_v1:ethereal_spirit":2,"minecraft:spruce_fence":4,"minecraft:diorite":5,"minecraft:cherry_log":1,"minecraft:pointed_dripstone":4,"iceandfire:rotten_egg":1,"simplytools:iron_excavator":1,"minecraft:white_bed":1,"minecraft:carrot":25,"ringsofascension:ring_steadfast_steps":1,"minecraft:stone_shovel":1,"minecraft:bundle":1,"minecraft:diamond_shovel":1,"minecraft:arrow":171,"minecraft:rotten_flesh":8,"minecraft:diamond_chestplate":1,"minecraft:jungle_stairs":1,"minecraft:diamond_boots":1,"minecraft:granite":2,"minecraft:diamond_axe":1,"minecraft:emerald":2,"ringsofascension:ring_mining":1,"minecraft:oak_sapling":1,"minecraft:baked_potato":64,"tombstone:magic_scroll":1,"born_in_chaos_v1:trident_hayfork":1,"minecraft:coal":14,"minecraft:white_wool":36,"minecraft:cobblestone":24,"minecraft:diamond_pickaxe":1},"minecraft:custom":{"minecraft:mob_kills":32,"minecraft:interact_with_crafting_table":3,"minecraft:bell_ring":2,"minecraft:damage_dealt_resisted":10,"minecraft:leave_game":3,"minecraft:time_since_death":14520,"minecraft:sleep_in_bed":3,"minecraft:climb_one_cm":5089,"minecraft:time_since_rest":12994,"minecraft:sprint_one_cm":414366,"minecraft:damage_taken":4138,"minecraft:walk_one_cm":326429,"minecraft:drop":19,"minecraft:damage_dealt":3290,"minecraft:swim_one_cm":6802,"minecraft:deaths":1,"minecraft:fly_one_cm":223948,"minecraft:open_chest":19,"minecraft:play_time":155221,"minecraft:crouch_one_cm":114976,"tombstone:undead_killed":21,"minecraft:sneak_time":32277,"minecraft:walk_under_water_one_cm":10733,"minecraft:jump":1164,"minecraft:walk_on_water_one_cm":7359,"minecraft:total_world_time":155221,"minecraft:fish_caught":1,"minecraft:fall_one_cm":58832}},"DataVersion":3465}