{"stats":{"minecraft:picked_up":{"minecraft:iron_chestplate":1,"minecraft:anvil":1,"minecraft:stone_brick_stairs":2,"minecraft:string":14,"minecraft:sticky_piston":2,"illagerinvasion:platinum_infused_hatchet":2,"minecraft:gold_nugget":7,"minecraft:cobbled_deepslate":62,"minecraft:azalea":2,"minecraft:mangrove_log":3,"minecraft:furnace":3,"minecraft:tipped_arrow":1,"minecraft:stick":14,"born_in_chaos_v1:shattered_skull":1,"minecraft:big_dripleaf":2,"born_in_chaos_v1:phantom_powder":1,"minecraft:torch":3,"minecraft:acacia_log":2,"minecraft:porkchop":2,"minecraft:pointed_dripstone":5,"tombstone:grave_dust":9,"born_in_chaos_v1:nightmare_claw":2,"minecraft:vine":31,"minecraft:rotten_flesh":96,"minecraft:tropical_fish":1,"artifacts:villager_hat":1,"iceandfire:deathworm_chitin_yellow":3,"iceandfire:fire_dragon_heart":1,"minecraft:iron_block":1,"minecraft:obsidian":34,"minecraft:cobblestone":150,"minecraft:birch_log":8,"born_in_chaos_v1:staffof_magic_arrows":1,"minecraft:feather":2,"minecraft:andesite":46,"minecraft:potato":1,"minecraft:tuff":3,"minecraft:map":2,"minecraft:dirt":41,"born_in_chaos_v1:monster_skin":1,"minecraft:bone":49,"minecraft:bow":3,"minecraft:wheat_seeds":16,"minecraft:raw_gold":1,"minecraft:rabbit":3,"minecraft:bamboo":2,"minecraft:oak_planks":2,"iceandfire:dragon_skull_fire":3,"minecraft:sand":33,"minecraft:cyan_bed":1,"iceandfire:lightning_dragon_heart":1,"minecraft:jungle_leaves":2,"minecraft:bundle":1,"minecraft:diamond":21,"minecraft:lever":1,"minecraft:bone_meal":2,"minecraft:golden_apple":3,"minecraft:emerald":34,"iceandfire:tide_trident":1,"minecraft:oak_sapling":13,"born_in_chaos_v1:rotten_fish":9,"iceandfire:dragon_skull_lightning":2,"minecraft:crafting_table":5,"born_in_chaos_v1:diamond_termite_shard":18,"minecraft:chicken":2,"born_in_chaos_v1:seedof_chaos":5,"minecraft:shield":1,"minecraft:moss_carpet":6,"minecraft:iron_axe":1,"minecraft:item_frame":1,"born_in_chaos_v1:intoxicating_decoction":2,"minecraft:candle":4,"usefulbackpacks:backpack_small":1,"born_in_chaos_v1:gnawed_bones":1,"minecraft:jungle_sapling":2,"minecraft:iron_nugget":16,"minecraft:birch_sapling":1,"minecraft:egg":1,"illagerinvasion:lost_candle":1,"minecraft:raw_iron":16,"minecraft:sandstone":14,"iceandfire:dragonbone":15,"minecraft:quartz_pillar":1,"born_in_chaos_v1:pieceofdarkmetal":5,"minecraft:carrot":7,"minecraft:cooked_cod":1,"minecraft:arrow":35,"minecraft:peony":2,"born_in_chaos_v1:spiny_shell":14,"minecraft:gold_ingot":4,"minecraft:totem_of_undying":1,"born_in_chaos_v1:trident_hayfork":2,"minecraft:glow_berries":1,"minecraft:mutton":6,"minecraft:bone_block":2,"minecraft:rail":1,"minecraft:white_wool":4,"born_in_chaos_v1:fused_bone":2,"born_in_chaos_v1:corpse_maggot":28,"iceandfire:sea_serpent_fang":10,"born_in_chaos_v1:monster_flesh":4,"minecraft:oak_log":4,"artifacts:superstitious_hat":1,"minecraft:paper":5,"minecraft:apple":2,"minecraft:stone_bricks":40,"minecraft:kelp":2,"minecraft:rabbit_hide":2,"minecraft:iron_ingot":5,"tombstone:bag_of_seeds":1,"minecraft:glass_bottle":4,"minecraft:flowering_azalea":1,"minecraft:book":14,"minecraft:birch_boat":2,"iceandfire:sea_serpent_scales_green":14,"minecraft:chiseled_stone_bricks":6,"born_in_chaos_v1:ethereal_spirit":9,"iceandfire:ash":6,"born_in_chaos_v1:bone_heart":4,"minecraft:spyglass":1,"minecraft:gravel":2,"born_in_chaos_v1:dark_rod":4,"minecraft:red_banner":4,"born_in_chaos_v1:fangofthe_hound_leader":2,"minecraft:white_bed":10,"minecraft:spruce_log":1,"minecraft:spider_eye":7,"minecraft:baked_potato":65,"tombstone:magic_scroll":4,"minecraft:coal":22,"minecraft:ender_pearl":9},"minecraft:custom":{"minecraft:interact_with_crafting_table":20,"minecraft:open_barrel":26,"minecraft:eat_cake_slice":4,"minecraft:leave_game":4,"minecraft:time_since_death":28671,"minecraft:damage_resisted":11,"minecraft:sprint_one_cm":884993,"minecraft:damage_blocked_by_shield":1035,"minecraft:drop":238,"minecraft:play_time":336146,"minecraft:deaths":29,"minecraft:jump":6650,"minecraft:interact_with_brewingstand":2,"minecraft:walk_on_water_one_cm":80433,"minecraft:interact_with_furnace":12,"minecraft:sleep_in_bed":6,"minecraft:damage_dealt":55959,"minecraft:crouch_one_cm":26751,"tombstone:undead_killed":113,"minecraft:interact_with_smoker":2,"minecraft:mob_kills":290,"minecraft:interact_with_anvil":5,"minecraft:damage_dealt_resisted":5836,"minecraft:climb_one_cm":17506,"minecraft:walk_one_cm":710967,"minecraft:sneak_time":14581,"minecraft:walk_under_water_one_cm":92483,"minecraft:boat_one_cm":240480,"minecraft:total_world_time":336146,"tombstone:raider_killed":35,"minecraft:time_since_rest":25448,"minecraft:damage_taken":18931,"minecraft:damage_absorbed":1224,"minecraft:trigger_trapped_chest":1,"minecraft:swim_one_cm":184272,"minecraft:fly_one_cm":1463255,"minecraft:open_chest":204,"minecraft:fall_one_cm":155735},"minecraft:mined":{"minecraft:white_bed":10,"minecraft:jungle_leaves":3,"minecraft:obsidian":34,"minecraft:cave_vines_plant":1,"minecraft:grass_block":16,"minecraft:chiseled_stone_bricks":6,"minecraft:spawner":2,"minecraft:tall_seagrass":3,"minecraft:cobbled_deepslate":3,"minecraft:iron_ore":12,"minecraft:sticky_piston":1,"minecraft:fire":55,"minecraft:anvil":1,"minecraft:pointed_dripstone":3,"minecraft:cave_vines":2,"minecraft:azalea":1,"minecraft:piston_head":1,"minecraft:kelp_plant":6,"born_in_chaos_v1:infected_deepslate_diamond_ore":11,"minecraft:torch":1,"minecraft:dead_bush":3,"minecraft:cobblestone":6,"minecraft:cyan_bed":1,"minecraft:light_weighted_pressure_plate":1,"minecraft:birch_log":8,"minecraft:stone_brick_stairs":1,"minecraft:grass":126,"minecraft:sand":28,"minecraft:dirt":14,"minecraft:oak_leaves":22,"minecraft:deepslate":58,"minecraft:tuff":2,"minecraft:deepslate_diamond_ore":20,"minecraft:candle":1,"minecraft:kelp":6,"minecraft:moss_block":2,"minecraft:sandstone":14,"minecraft:furnace":3,"minecraft:carrots":2,"minecraft:andesite":46,"minecraft:peony":2,"minecraft:bookshelf":3,"minecraft:deepslate_iron_ore":4,"minecraft:vine":38,"minecraft:rail":1,"minecraft:stone":144,"minecraft:bone_block":3,"minecraft:cake":1,"minecraft:flowering_azalea":2,"minecraft:crafting_table":5,"minecraft:tall_grass":11,"minecraft:big_dripleaf":1,"minecraft:birch_leaves":3,"minecraft:quartz_pillar":1,"minecraft:red_wall_banner":4,"minecraft:coal_ore":8,"minecraft:gravel":2,"minecraft:stone_bricks":40,"minecraft:fern":33},"minecraft:crafted":{"minecraft:oak_planks":8,"minecraft:birch_boat":1,"minecraft:cooked_chicken":2,"born_in_chaos_v1:spiny_shell_armor_chestplate":1,"minecraft:iron_boots":1,"tombstone:grave_key":2,"minecraft:cooked_rabbit":2,"minecraft:cooked_porkchop":2,"minecraft:crafting_table":3,"minecraft:birch_planks":32,"minecraft:iron_chestplate":1,"minecraft:diamond_pickaxe":1,"minecraft:stick":12,"minecraft:iron_ingot":30,"minecraft:shears":1,"minecraft:furnace":1,"minecraft:flint_and_steel":1,"born_in_chaos_v1:spiny_shell_armor_helmet":1,"iceandfire:tide_trident":2,"minecraft:mangrove_planks":4,"minecraft:bucket":2,"minecraft:air":0,"minecraft:gold_nugget":9,"minecraft:iron_leggings":1,"minecraft:white_bed":1,"minecraft:torch":60},"minecraft:killed_by":{"minecraft:zombie":1,"minecraft:vex":1,"cave_dweller:cave_dweller":1},"minecraft:dropped":{"minecraft:candle":4,"minecraft:birch_planks":1,"minecraft:oak_log":2,"minecraft:baked_potato":1,"iceandfire:tide_trident":1,"minecraft:jungle_planks":2,"iceandfire:ectoplasm":5,"minecraft:mangrove_planks":4,"born_in_chaos_v1:pieceofdarkmetal":2,"minecraft:rail":1,"born_in_chaos_v1:monster_flesh":4,"born_in_chaos_v1:phantom_powder":1,"born_in_chaos_v1:monster_skin":1,"iceandfire:armor_copper_metal_boots":1,"minecraft:jungle_sapling":2,"minecraft:gold_nugget":14,"born_in_chaos_v1:trident_hayfork":2,"minecraft:bone_meal":2,"iceandfire:ash":6,"minecraft:sand":8,"iceandfire:fire_dragon_blood":2,"minecraft:iron_pickaxe":1,"minecraft:white_wool":1,"minecraft:gold_ingot":4,"minecraft:bone":2,"minecraft:gravel":1,"minecraft:iron_nugget":16,"minecraft:cobbled_deepslate":2,"minecraft:birch_sapling":1,"born_in_chaos_v1:ethereal_spirit":8,"minecraft:rotten_flesh":83,"minecraft:rabbit_hide":2,"minecraft:tipped_arrow":1,"born_in_chaos_v1:seedof_chaos":3,"minecraft:beetroot_seeds":3,"minecraft:melon_seeds":6,"born_in_chaos_v1:corpse_maggot":12,"minecraft:azalea":2,"born_in_chaos_v1:diamond_termite_shard":18,"minecraft:stone_brick_stairs":2,"iceandfire:manuscript":4,"iceandfire:lightning_dragon_blood":2,"born_in_chaos_v1:shattered_skull":1,"minecraft:wheat_seeds":21,"illagerinvasion:platinum_infused_hatchet":2,"illagerinvasion:lost_candle":2,"minecraft:iron_helmet":1,"iceandfire:armor_copper_metal_chestplate":1,"minecraft:feather":2,"minecraft:cobblestone":4,"minecraft:book":1,"minecraft:tropical_fish":1,"minecraft:acacia_log":2,"born_in_chaos_v1:gnawed_bones":2,"mca:book_romance":1,"artifacts:snorkel":1,"minecraft:rabbit":1,"born_in_chaos_v1:fused_bone":1,"minecraft:map":2,"tombstone:grave_dust":6,"minecraft:flowering_azalea":1,"minecraft:paper":5,"minecraft:string":4,"iceandfire:dragonbone":7,"minecraft:moss_carpet":6,"minecraft:kelp":2,"iceandfire:lightning_dragon_heart":1,"minecraft:tuff":2,"minecraft:sticky_piston":2,"born_in_chaos_v1:rotten_fish":6,"minecraft:pumpkin_seeds":1,"minecraft:big_dripleaf":2,"minecraft:potato":1,"minecraft:iron_chestplate":1,"minecraft:andesite":46,"born_in_chaos_v1:spiny_shell":1,"minecraft:oak_sapling":13,"minecraft:stone_bricks":3,"minecraft:spider_eye":7,"minecraft:bamboo":2,"minecraft:bow":1,"iceandfire:fire_dragon_heart":1,"minecraft:raw_gold":1,"born_in_chaos_v1:bone_heart":3},"minecraft:broken":{"born_in_chaos_v1:spiny_shell_armor_chestplate":1,"minecraft:iron_boots":2,"minecraft:iron_chestplate":1,"minecraft:iron_leggings":1,"born_in_chaos_v1:spiny_shell_armor_helmet":1,"minecraft:shield":1,"iceandfire:armor_copper_metal_leggings":1,"minecraft:iron_axe":1,"minecraft:iron_helmet":1,"iceandfire:armor_copper_metal_boots":1},"minecraft:used":{"minecraft:peony":2,"iceandfire:tide_trident":436,"born_in_chaos_v1:intoxicating_decoction":2,"minecraft:shield":9,"minecraft:iron_sword":196,"minecraft:jungle_planks":2,"minecraft:carrot":8,"minecraft:tuff":1,"minecraft:obsidian":14,"minecraft:axolotl_bucket":3,"minecraft:mangrove_log":2,"minecraft:quartz_pillar":1,"minecraft:stone_bricks":37,"minecraft:item_frame":1,"minecraft:bow":18,"minecraft:cooked_cod":1,"minecraft:furnace":3,"minecraft:egg":1,"minecraft:oak_planks":4,"minecraft:sandstone":14,"tombstone:tablet_of_guard":1,"minecraft:golden_apple":9,"minecraft:sand":26,"illagerinvasion:lost_candle":8,"minecraft:shears":36,"minecraft:lever":1,"minecraft:cyan_bed":1,"minecraft:bread":22,"tombstone:grave_key":9,"born_in_chaos_v1:rotten_fish":1,"iceandfire:dragon_skull_fire":3,"minecraft:cooked_rabbit":2,"minecraft:flint_and_steel":6,"minecraft:cooked_chicken":2,"minecraft:torch":71,"minecraft:dirt":19,"minecraft:spyglass":2,"minecraft:anvil":1,"minecraft:light_weighted_pressure_plate":1,"minecraft:iron_axe":25,"tombstone:gift":9,"minecraft:cobbled_deepslate":67,"minecraft:pointed_dripstone":5,"born_in_chaos_v1:trident_hayfork":270,"minecraft:water_bucket":7,"minecraft:birch_planks":6,"minecraft:baked_potato":183,"minecraft:birch_boat":3,"iceandfire:dragon_skull_lightning":2,"minecraft:vine":18,"minecraft:crafting_table":8,"minecraft:white_bed":11,"minecraft:cake":2,"minecraft:spruce_log":1,"tombstone:bag_of_seeds":2,"minecraft:diamond_pickaxe":189,"minecraft:apple":2,"minecraft:iron_pickaxe":262,"tombstone:magic_scroll":2,"minecraft:chiseled_stone_bricks":6,"minecraft:cobblestone":138,"minecraft:potion":2,"minecraft:cooked_porkchop":2,"minecraft:red_banner":4,"minecraft:bucket":12},"minecraft:killed":{"illagerinvasion:archivist":5,"born_in_chaos_v1:zombie_clown":1,"minecraft:cave_spider":6,"minecraft:zombified_piglin":1,"born_in_chaos_v1:restless_spirit":2,"born_in_chaos_v1:zombie_lumberjack":5,"minecraft:spider":9,"born_in_chaos_v1:siamese_skeletonsright":3,"creeperoverhaul:dripstone_creeper":1,"born_in_chaos_v1:baby_skeleton_minion":4,"illagerinvasion:basher":1,"born_in_chaos_v1:scarlet_persecutor":3,"minecraft:skeleton":16,"minecraft:chicken":1,"illagerinvasion:provoker":6,"majruszsdifficulty:creeperling":2,"artifacts:mimic":2,"illagerinvasion:necromancer":1,"born_in_chaos_v1:bonescaller":1,"minecraft:pig":1,"born_in_chaos_v1:diamond_termite":16,"born_in_chaos_v1:dread_hound_not_despawn":1,"illagerinvasion:alchemist":2,"minecraft:creeper":4,"minecraft:sheep":4,"born_in_chaos_v1:zombie_fisherman":1,"minecraft:zombie":46,"born_in_chaos_v1:dread_hound":6,"born_in_chaos_v1:corpse_fly":21,"minecraft:stray":1,"born_in_chaos_v1:door_knight":4,"iceandfire:sea_serpent":2,"born_in_chaos_v1:siamese_skeletonsleft":1,"mca:female_zombie_villager":1,"minecraft:evoker":1,"minecraft:vindicator":13,"illagerinvasion:marauder":6,"born_in_chaos_v1:thornshell_crab":4,"born_in_chaos_v1:zombie_bruiser":1,"born_in_chaos_v1:maggot":22,"born_in_chaos_v1:dire_hound_leader":1,"born_in_chaos_v1:corpse_fish":2,"born_in_chaos_v1:barrel_zombie":1,"born_in_chaos_v1:fallen_chaos_knight":1,"minecraft:husk":1,"born_in_chaos_v1:baby_skeleton":7,"born_in_chaos_v1:swarmer":2,"majruszsdifficulty:cursed_armor":2,"born_in_chaos_v1:decrepit_skeleton":14,"born_in_chaos_v1:bloody_gadfly":1,"born_in_chaos_v1:phantom_creeper_copy":3,"iceandfire:ghost":1,"born_in_chaos_v1:dark_vortex":2,"born_in_chaos_v1:nightmare_stalker":2,"minecraft:enderman":6}},"DataVersion":3465}