{"stats":{"minecraft:crafted":{"minecraft:oak_planks":8,"chococraft:chocobo_whistle":1,"minecraft:birch_boat":1,"minecraft:cooked_chicken":2,"born_in_chaos_v1:spiny_shell_armor_chestplate":1,"iceandfire:dragonbone_sword_lightning":1,"minecraft:iron_boots":2,"tombstone:grave_key":7,"minecraft:cooked_rabbit":2,"minecraft:cooked_porkchop":2,"minecraft:crafting_table":4,"minecraft:jungle_boat":1,"minecraft:iron_helmet":2,"minecraft:birch_planks":32,"minecraft:iron_chestplate":2,"minecraft:diamond_pickaxe":1,"minecraft:stick":20,"minecraft:iron_ingot":30,"minecraft:shears":1,"minecraft:fishing_rod":1,"minecraft:furnace":1,"minecraft:flint_and_steel":1,"born_in_chaos_v1:spiny_shell_armor_helmet":2,"born_in_chaos_v1:bone_handle":1,"iceandfire:dragonbone_sword":2,"iceandfire:tide_trident":2,"minecraft:mangrove_planks":4,"minecraft:bucket":2,"minecraft:air":0,"minecraft:jungle_planks":16,"minecraft:gold_nugget":9,"chococraft:chocobo_saddle":1,"minecraft:iron_leggings":2,"minecraft:white_bed":1,"minecraft:torch":60},"minecraft:dropped":{"minecraft:crimson_stem":6,"minecraft:candle":4,"minecraft:birch_planks":1,"minecraft:oak_log":2,"minecraft:baked_potato":1,"minecraft:glow_ink_sac":5,"iceandfire:tide_trident":2,"minecraft:jungle_planks":2,"iceandfire:ectoplasm":5,"minecraft:mangrove_planks":4,"born_in_chaos_v1:pieceofdarkmetal":2,"minecraft:rail":1,"born_in_chaos_v1:monster_flesh":10,"minecraft:dirt":2,"born_in_chaos_v1:phantom_powder":1,"born_in_chaos_v1:monster_skin":5,"iceandfire:armor_copper_metal_boots":1,"usefulbackpacks:backpack_small":1,"minecraft:jungle_sapling":2,"minecraft:gold_nugget":14,"born_in_chaos_v1:trident_hayfork":2,"minecraft:bone_meal":2,"iceandfire:ash":6,"minecraft:sand":8,"iceandfire:fire_dragon_blood":2,"minecraft:iron_pickaxe":1,"minecraft:white_wool":1,"minecraft:gold_ingot":4,"minecraft:bone":5,"minecraft:gravel":1,"minecraft:iron_nugget":16,"born_in_chaos_v1:fire_dust":1,"minecraft:cobbled_deepslate":2,"minecraft:birch_sapling":1,"born_in_chaos_v1:ethereal_spirit":12,"minecraft:rotten_flesh":99,"minecraft:rabbit_hide":2,"minecraft:tipped_arrow":1,"born_in_chaos_v1:seedof_chaos":7,"minecraft:beetroot_seeds":3,"minecraft:melon_seeds":6,"born_in_chaos_v1:corpse_maggot":13,"minecraft:azalea":2,"born_in_chaos_v1:diamond_termite_shard":18,"minecraft:stone_brick_stairs":2,"iceandfire:manuscript":4,"iceandfire:dragonbone_sword":1,"iceandfire:lightning_dragon_blood":2,"born_in_chaos_v1:shattered_skull":2,"minecraft:wheat_seeds":29,"illagerinvasion:platinum_infused_hatchet":2,"illagerinvasion:lost_candle":2,"minecraft:iron_helmet":1,"minecraft:golden_axe":1,"iceandfire:armor_copper_metal_chestplate":1,"minecraft:feather":2,"minecraft:cobblestone":4,"minecraft:book":1,"minecraft:tropical_fish":1,"minecraft:acacia_log":2,"minecraft:grass_block":1,"born_in_chaos_v1:gnawed_bones":2,"artifacts:snorkel":1,"mca:book_romance":1,"minecraft:rabbit":1,"born_in_chaos_v1:fused_bone":3,"minecraft:map":2,"tombstone:grave_dust":12,"minecraft:golden_hoe":1,"minecraft:flowering_azalea":1,"minecraft:paper":5,"minecraft:string":6,"iceandfire:dragonbone":7,"minecraft:moss_carpet":6,"minecraft:kelp":2,"iceandfire:lightning_dragon_heart":1,"chococraft:chocobo_feather":1,"minecraft:sticky_piston":2,"minecraft:tuff":2,"born_in_chaos_v1:rotten_fish":8,"tombstone:scroll_of_unstable_intangibility":1,"minecraft:pumpkin_seeds":1,"minecraft:big_dripleaf":2,"minecraft:potato":1,"minecraft:orange_terracotta":1,"minecraft:iron_chestplate":1,"minecraft:andesite":46,"born_in_chaos_v1:spiny_shell":7,"minecraft:oak_sapling":15,"minecraft:spider_eye":8,"minecraft:stone_bricks":3,"minecraft:bamboo":3,"minecraft:red_sand":1,"minecraft:bow":1,"iceandfire:fire_dragon_heart":1,"minecraft:raw_gold":1,"born_in_chaos_v1:bone_heart":3,"minecraft:terracotta":7},"minecraft:custom":{"minecraft:animals_bred":1,"minecraft:interact_with_crafting_table":31,"minecraft:open_barrel":113,"minecraft:eat_cake_slice":4,"minecraft:leave_game":6,"minecraft:time_since_death":68090,"minecraft:damage_resisted":11,"minecraft:sprint_one_cm":1614372,"minecraft:damage_blocked_by_shield":1035,"minecraft:drop":314,"minecraft:play_time":624823,"minecraft:deaths":56,"minecraft:jump":11430,"minecraft:interact_with_brewingstand":2,"minecraft:walk_on_water_one_cm":107217,"minecraft:interact_with_furnace":18,"minecraft:sleep_in_bed":13,"minecraft:damage_dealt":88546,"minecraft:crouch_one_cm":53755,"tombstone:undead_killed":202,"minecraft:interact_with_smoker":5,"minecraft:interact_with_anvil":13,"minecraft:mob_kills":454,"minecraft:damage_dealt_resisted":7368,"minecraft:climb_one_cm":25389,"minecraft:walk_one_cm":1255733,"minecraft:sneak_time":22884,"minecraft:walk_under_water_one_cm":125671,"minecraft:boat_one_cm":498825,"minecraft:interact_with_blast_furnace":3,"minecraft:total_world_time":624823,"tombstone:raider_killed":35,"minecraft:time_since_rest":68034,"minecraft:damage_absorbed":1224,"minecraft:damage_taken":37543,"minecraft:trigger_trapped_chest":2,"minecraft:swim_one_cm":230665,"minecraft:fly_one_cm":2415119,"minecraft:open_chest":406,"minecraft:fall_one_cm":267868},"minecraft:picked_up":{"minecraft:iron_chestplate":1,"iceandfire:troll_weapon_hammer":1,"minecraft:anvil":1,"minecraft:diamond_sword":3,"minecraft:enchanted_book":4,"minecraft:stone_brick_stairs":2,"minecraft:golden_sword":1,"born_in_chaos_v1:black_argillite":3,"minecraft:string":16,"minecraft:soul_soil":9,"minecraft:iron_leggings":1,"minecraft:sticky_piston":2,"illagerinvasion:platinum_infused_hatchet":2,"minecraft:red_sand":1,"minecraft:gold_nugget":23,"minecraft:cobbled_deepslate":118,"minecraft:bucket":1,"minecraft:azalea":2,"minecraft:mangrove_log":3,"minecraft:furnace":3,"minecraft:tipped_arrow":1,"minecraft:stick":15,"born_in_chaos_v1:shattered_skull":2,"minecraft:big_dripleaf":2,"born_in_chaos_v1:phantom_powder":1,"minecraft:torch":3,"minecraft:acacia_log":2,"minecraft:porkchop":9,"minecraft:golden_axe":1,"minecraft:pointed_dripstone":5,"tombstone:grave_dust":19,"minecraft:diorite":4,"born_in_chaos_v1:nightmare_claw":3,"minecraft:vine":31,"minecraft:chiseled_nether_bricks":2,"minecraft:stone_sword":1,"minecraft:rotten_flesh":137,"minecraft:tropical_fish":1,"artifacts:villager_hat":1,"iceandfire:deathworm_chitin_yellow":3,"iceandfire:fire_dragon_heart":1,"minecraft:iron_block":1,"minecraft:blaze_rod":17,"minecraft:obsidian":36,"minecraft:iron_bars":1,"minecraft:cobblestone":232,"minecraft:birch_log":8,"born_in_chaos_v1:staffof_magic_arrows":2,"minecraft:feather":2,"minecraft:andesite":57,"minecraft:jungle_log":4,"minecraft:potato":1,"minecraft:tuff":12,"minecraft:map":2,"minecraft:dirt":74,"born_in_chaos_v1:monster_skin":5,"minecraft:bone":114,"minecraft:bow":3,"minecraft:wheat_seeds":25,"minecraft:raw_gold":1,"minecraft:rabbit":3,"minecraft:bamboo":3,"minecraft:oak_planks":2,"iceandfire:dragon_skull_fire":3,"minecraft:sand":33,"minecraft:grass_block":1,"iceandfire:lightning_dragon_heart":1,"minecraft:cyan_bed":1,"minecraft:jungle_leaves":2,"minecraft:bundle":4,"immersive_armors:warrior_helmet":1,"born_in_chaos_v1:fire_dust":1,"minecraft:diamond":21,"minecraft:lever":1,"minecraft:granite":7,"minecraft:bone_meal":3,"minecraft:golden_apple":3,"minecraft:emerald":34,"iceandfire:tide_trident":1,"minecraft:oak_sapling":14,"born_in_chaos_v1:rotten_fish":11,"minecraft:netherrack":141,"majruszsdifficulty:tattered_boots":1,"iceandfire:dragon_skull_lightning":2,"minecraft:crafting_table":7,"born_in_chaos_v1:diamond_termite_shard":18,"iceandfire:witherbone":19,"minecraft:chicken":2,"born_in_chaos_v1:seedof_chaos":9,"minecraft:chain":3,"minecraft:shield":1,"artifacts:power_glove":1,"minecraft:moss_carpet":6,"minecraft:iron_axe":1,"born_in_chaos_v1:intoxicating_decoction":2,"minecraft:item_frame":7,"minecraft:candle":4,"usefulbackpacks:backpack_small":1,"tombstone:scroll_of_unstable_intangibility":1,"immersive_armors:wooden_leggings":1,"born_in_chaos_v1:gnawed_bones":1,"minecraft:jungle_sapling":2,"minecraft:iron_nugget":16,"minecraft:birch_sapling":1,"minecraft:egg":3,"illagerinvasion:lost_candle":1,"minecraft:raw_iron":35,"minecraft:sandstone":14,"iceandfire:dragonbone":15,"minecraft:quartz_pillar":1,"born_in_chaos_v1:pieceofdarkmetal":14,"minecraft:carrot":7,"minecraft:arrow":42,"minecraft:cooked_cod":1,"minecraft:golden_hoe":1,"minecraft:peony":2,"born_in_chaos_v1:spiny_shell":31,"minecraft:gold_ingot":5,"minecraft:totem_of_undying":1,"born_in_chaos_v1:trident_hayfork":2,"minecraft:glow_berries":1,"minecraft:mutton":14,"minecraft:bone_block":3,"minecraft:rail":1,"minecraft:white_wool":5,"born_in_chaos_v1:fused_bone":10,"born_in_chaos_v1:corpse_maggot":31,"minecraft:crimson_stem":6,"minecraft:jungle_boat":2,"minecraft:basalt":3,"iceandfire:sea_serpent_fang":10,"born_in_chaos_v1:monster_flesh":10,"minecraft:glow_ink_sac":3,"minecraft:leather":3,"majruszsdifficulty:tattered_helmet":1,"minecraft:oak_log":5,"artifacts:superstitious_hat":1,"minecraft:nether_wart_block":2,"minecraft:gunpowder":4,"minecraft:paper":5,"minecraft:orange_terracotta":10,"chococraft:chocobo_feather":2,"chococraft:gysahl_green":6,"minecraft:apple":2,"minecraft:stone_bricks":40,"minecraft:kelp":2,"majruszsdifficulty:tattered_leggings":1,"minecraft:rabbit_hide":2,"minecraft:iron_ingot":5,"minecraft:cooked_chicken":448,"tombstone:bag_of_seeds":1,"minecraft:glass_bottle":4,"minecraft:flowering_azalea":1,"minecraft:soul_sand":12,"minecraft:book":14,"minecraft:birch_boat":2,"iceandfire:sea_serpent_scales_green":14,"minecraft:chiseled_stone_bricks":6,"born_in_chaos_v1:ethereal_spirit":16,"born_in_chaos_v1:bone_heart":4,"iceandfire:ash":6,"minecraft:quartz":102,"minecraft:spyglass":1,"minecraft:gravel":3,"born_in_chaos_v1:dark_rod":4,"chococraft:gysahl_green_seeds":2,"minecraft:red_banner":4,"born_in_chaos_v1:fangofthe_hound_leader":2,"minecraft:white_bed":23,"minecraft:spruce_log":1,"minecraft:crying_obsidian":1,"minecraft:spider_eye":8,"usefulbackpacks:backpack_large":1,"minecraft:diamond_axe":1,"minecraft:terracotta":7,"minecraft:baked_potato":65,"tombstone:magic_scroll":5,"minecraft:coal":51,"minecraft:ender_pearl":11},"minecraft:used":{"minecraft:peony":2,"iceandfire:tide_trident":498,"minecraft:bone_block":1,"born_in_chaos_v1:intoxicating_decoction":2,"minecraft:shield":9,"minecraft:iron_sword":260,"minecraft:soul_sand":12,"minecraft:jungle_planks":3,"minecraft:carrot":8,"minecraft:tuff":10,"minecraft:axolotl_bucket":5,"minecraft:obsidian":16,"minecraft:mangrove_log":2,"minecraft:quartz_pillar":1,"minecraft:stone_bricks":37,"minecraft:item_frame":1,"minecraft:bow":45,"minecraft:cooked_cod":1,"minecraft:furnace":3,"minecraft:egg":3,"iceandfire:troll_weapon_hammer":76,"minecraft:diorite":3,"minecraft:oak_planks":4,"minecraft:ender_pearl":1,"minecraft:sandstone":14,"tombstone:tablet_of_guard":1,"minecraft:diamond_axe":57,"minecraft:jungle_boat":3,"minecraft:cookie":9,"minecraft:golden_apple":9,"minecraft:sand":26,"illagerinvasion:lost_candle":8,"iceandfire:dragonbone_sword_lightning":2,"minecraft:shears":36,"minecraft:lever":1,"minecraft:bread":22,"minecraft:cyan_bed":1,"tombstone:grave_key":14,"minecraft:polished_granite":14,"minecraft:gravel":1,"minecraft:diamond_sword":64,"born_in_chaos_v1:rotten_fish":1,"iceandfire:dragon_skull_fire":3,"minecraft:andesite":11,"minecraft:cooked_rabbit":2,"minecraft:chain":1,"minecraft:bone_meal":1,"minecraft:experience_bottle":1,"minecraft:iron_bars":1,"minecraft:flint_and_steel":7,"born_in_chaos_v1:black_argillite":3,"minecraft:cooked_chicken":2,"minecraft:netherrack":138,"minecraft:torch":71,"minecraft:dirt":121,"minecraft:spyglass":2,"minecraft:anvil":1,"immersive_armors:warrior_helmet":1,"minecraft:granite":11,"minecraft:light_weighted_pressure_plate":1,"minecraft:iron_axe":25,"minecraft:basalt":3,"minecraft:soul_soil":9,"tombstone:gift":9,"minecraft:orange_terracotta":9,"minecraft:cobbled_deepslate":123,"minecraft:pointed_dripstone":5,"tombstone:scroll_of_knowledge":1,"born_in_chaos_v1:trident_hayfork":270,"minecraft:wheat_seeds":1,"minecraft:cooked_mutton":4,"minecraft:water_bucket":39,"minecraft:birch_planks":6,"minecraft:baked_potato":366,"minecraft:birch_boat":3,"iceandfire:dragon_skull_lightning":2,"minecraft:vine":18,"minecraft:crafting_table":10,"minecraft:white_bed":24,"minecraft:spruce_log":1,"minecraft:cake":2,"tombstone:bag_of_seeds":2,"minecraft:diamond_pickaxe":808,"minecraft:apple":3,"minecraft:iron_pickaxe":262,"tombstone:magic_scroll":2,"minecraft:chiseled_stone_bricks":6,"minecraft:fishing_rod":3,"minecraft:potion":2,"minecraft:cobblestone":236,"illagerinvasion:platinum_infused_hatchet":72,"minecraft:cooked_porkchop":2,"minecraft:red_banner":4,"minecraft:bucket":45},"minecraft:mined":{"minecraft:white_bed":23,"minecraft:jungle_leaves":3,"minecraft:red_nether_bricks":4,"minecraft:obsidian":36,"minecraft:cave_vines_plant":1,"minecraft:granite":7,"minecraft:red_sand":1,"minecraft:grass_block":23,"minecraft:jungle_log":4,"minecraft:soul_soil":10,"minecraft:chiseled_stone_bricks":6,"minecraft:spawner":4,"minecraft:tall_seagrass":3,"minecraft:magma_block":1,"minecraft:red_nether_brick_stairs":1,"minecraft:iron_ore":17,"minecraft:sticky_piston":1,"minecraft:cobbled_deepslate":3,"minecraft:fire":126,"minecraft:anvil":1,"chococraft:gysahl_green":1,"minecraft:pointed_dripstone":3,"minecraft:cave_vines":2,"minecraft:iron_bars":1,"minecraft:azalea":1,"minecraft:piston_head":1,"minecraft:kelp_plant":6,"minecraft:crimson_nylium":2,"minecraft:soul_fire":25,"minecraft:orange_terracotta":10,"born_in_chaos_v1:infected_deepslate_diamond_ore":11,"minecraft:torch":1,"minecraft:dead_bush":4,"minecraft:nether_quartz_ore":82,"minecraft:cobblestone":16,"minecraft:cyan_bed":1,"minecraft:wall_torch":1,"minecraft:light_weighted_pressure_plate":1,"minecraft:nether_wart_block":3,"minecraft:birch_log":8,"minecraft:stone_brick_stairs":1,"minecraft:grass":168,"minecraft:sand":28,"minecraft:dirt":27,"minecraft:oak_leaves":25,"minecraft:netherrack":242,"minecraft:deepslate":127,"minecraft:nether_gold_ore":4,"minecraft:crying_obsidian":1,"minecraft:tuff":17,"minecraft:dark_oak_leaves":1,"minecraft:deepslate_diamond_ore":20,"minecraft:candle":1,"minecraft:crimson_roots":1,"born_in_chaos_v1:black_argillite":3,"minecraft:moss_block":2,"minecraft:kelp":6,"minecraft:sandstone":14,"minecraft:furnace":3,"minecraft:carrots":2,"minecraft:andesite":57,"minecraft:peony":2,"minecraft:bookshelf":3,"minecraft:vine":40,"minecraft:deepslate_iron_ore":14,"minecraft:rail":1,"minecraft:stone":222,"minecraft:bone_block":3,"minecraft:cake":1,"minecraft:flowering_azalea":2,"minecraft:soul_sand":5,"minecraft:basalt":3,"minecraft:crafting_table":7,"minecraft:tall_grass":22,"minecraft:diorite":4,"minecraft:big_dripleaf":1,"minecraft:birch_leaves":4,"minecraft:quartz_pillar":1,"minecraft:red_wall_banner":4,"minecraft:coal_ore":9,"minecraft:gravel":4,"minecraft:terracotta":7,"minecraft:stone_bricks":40,"minecraft:fern":35},"minecraft:killed":{"illagerinvasion:archivist":5,"born_in_chaos_v1:zombie_clown":1,"minecraft:cave_spider":6,"minecraft:zombified_piglin":4,"born_in_chaos_v1:restless_spirit":6,"born_in_chaos_v1:zombie_lumberjack":8,"born_in_chaos_v1:skeleton_demoman":2,"minecraft:spider":14,"born_in_chaos_v1:siamese_skeletonsright":7,"creeperoverhaul:dripstone_creeper":1,"born_in_chaos_v1:baby_skeleton_minion":4,"illagerinvasion:basher":1,"born_in_chaos_v1:scarlet_persecutor":6,"minecraft:skeleton":23,"minecraft:chicken":1,"illagerinvasion:provoker":6,"majruszsdifficulty:creeperling":4,"artifacts:mimic":2,"illagerinvasion:necromancer":1,"born_in_chaos_v1:bonescaller":2,"minecraft:pig":2,"born_in_chaos_v1:diamond_termite":16,"minecraft:zombie_villager":3,"born_in_chaos_v1:dread_hound_not_despawn":1,"illagerinvasion:alchemist":2,"minecraft:creeper":4,"minecraft:sheep":4,"born_in_chaos_v1:zombie_fisherman":1,"minecraft:zombie":58,"born_in_chaos_v1:dread_hound":8,"born_in_chaos_v1:corpse_fly":24,"minecraft:stray":1,"born_in_chaos_v1:door_knight":4,"minecraft:blaze":15,"iceandfire:sea_serpent":2,"born_in_chaos_v1:siamese_skeletonsleft":4,"mca:female_zombie_villager":1,"minecraft:evoker":1,"minecraft:vindicator":13,"majruszsdifficulty:illusioner":1,"illagerinvasion:marauder":6,"born_in_chaos_v1:thornshell_crab":6,"born_in_chaos_v1:zombie_bruiser":2,"born_in_chaos_v1:firelight":1,"born_in_chaos_v1:maggot":22,"born_in_chaos_v1:dire_hound_leader":1,"born_in_chaos_v1:corpse_fish":3,"born_in_chaos_v1:barrel_zombie":1,"born_in_chaos_v1:fallen_chaos_knight":2,"minecraft:husk":3,"born_in_chaos_v1:baby_skeleton":11,"born_in_chaos_v1:swarmer":2,"majruszsdifficulty:cursed_armor":4,"minecraft:hoglin":1,"born_in_chaos_v1:decrepit_skeleton":23,"born_in_chaos_v1:phantom_creeper_copy":3,"born_in_chaos_v1:bloody_gadfly":2,"born_in_chaos_v1:decaying_zombie":3,"iceandfire:ghost":2,"born_in_chaos_v1:dark_vortex":2,"born_in_chaos_v1:nightmare_stalker":3,"minecraft:wither_skeleton":30,"minecraft:enderman":7},"minecraft:broken":{"born_in_chaos_v1:spiny_shell_armor_chestplate":1,"minecraft:golden_helmet":1,"immersive_armors:wooden_leggings":1,"minecraft:iron_boots":3,"majruszsdifficulty:tattered_boots":1,"minecraft:iron_chestplate":2,"minecraft:iron_leggings":2,"born_in_chaos_v1:spiny_shell_armor_helmet":1,"minecraft:golden_chestplate":1,"immersive_armors:warrior_helmet":1,"minecraft:shield":1,"iceandfire:armor_copper_metal_leggings":1,"minecraft:iron_axe":1,"minecraft:iron_helmet":2,"iceandfire:armor_copper_metal_boots":1},"minecraft:killed_by":{"minecraft:zombie":1,"minecraft:vex":1,"minecraft:skeleton":1,"cave_dweller:cave_dweller":1}},"DataVersion":3465}