{"stats":{"minecraft:crafted":{"minecraft:jungle_button":3,"minecraft:smooth_stone":9,"minecraft:bookshelf":51,"minecraft:cooked_mutton":4,"immersive_armors:slime_leggings":1,"minecraft:cooked_rabbit":8,"minecraft:emerald":60,"minecraft:copper_ingot":9,"iceandfire:earplugs":1,"minecraft:oak_wood":3,"mca:cross_headstone":18,"minecraft:cartography_table":1,"simplytools:iron_hammer":5,"minecraft:stone_slab":6,"usefulbackpacks:backpack_large":2,"minecraft:iron_pickaxe":4,"minecraft:iron_block":48,"minecraft:gold_ingot":217,"minecraft:sandstone":8,"immersive_armors:slime_helmet":1,"minecraft:stone_shovel":4,"minecraft:jukebox":1,"born_in_chaos_v1:black_argillitepressureplate":4,"minecraft:spyglass":2,"mca:bouquet":1,"minecraft:bone_meal":66,"born_in_chaos_v1:smoked_monster_flesh":3,"simplytools:iron_excavator":3,"minecraft:diamond":14,"minecraft:stone_pickaxe":2,"simplytools:stone_excavator_head":7,"minecraft:dark_oak_planks":4,"minecraft:wheat":171,"minecraft:coal_block":34,"mca:engagement_ring":1,"simplytools:iron_excavator_head":2,"minecraft:enchanting_table":2,"minecraft:polished_granite":64,"minecraft:golden_apple":11,"minecraft:wooden_axe":1,"minecraft:iron_leggings":4,"minecraft:white_bed":18,"minecraft:grindstone":2,"minecraft:oak_planks":1084,"minecraft:birch_wood":3,"simplytools:iron_hammer_head":3,"usefulbackpacks:backpack_small":2,"minecraft:stone":708,"minecraft:bow":3,"minecraft:iron_boots":2,"minecraft:chest":20,"minecraft:oak_button":2,"minecraft:stone_hoe":1,"minecraft:stone_bricks":696,"minecraft:oak_fence":96,"majruszsdifficulty:tattered_helmet":2,"born_in_chaos_v1:pileof_dark_metal":3,"minecraft:smoker":4,"born_in_chaos_v1:smoked_fish":20,"minecraft:crafting_table":26,"minecraft:spruce_planks":64,"minecraft:wooden_pickaxe":2,"minecraft:baked_potato":691,"minecraft:iron_helmet":3,"minecraft:gold_block":12,"minecraft:birch_planks":20,"illagerinvasion:platinum_infused_hatchet":1,"minecraft:iron_chestplate":3,"minecraft:emerald_block":6,"minecraft:light_weighted_pressure_plate":1,"minecraft:stick":269,"minecraft:iron_ingot":619,"disenchanting:disenchanter":1,"xpbook:xp_tome":2,"minecraft:polished_andesite":28,"minecraft:cherry_planks":4,"minecraft:oak_door":6,"minecraft:raw_iron":90,"mca:blueprint":1,"minecraft:coal":306,"minecraft:stone_brick_wall":318,"simplytools:stone_excavator":13,"minecraft:furnace":9,"minecraft:blast_furnace":3,"minecraft:diamond_block":4,"minecraft:leather":26,"botania:flower_bag":1,"usefulbackpacks:backpack_medium":2,"born_in_chaos_v1:trident_hayfork":1,"minecraft:cooked_cod":10,"minecraft:iron_sword":3,"immersive_armors:slime_boots":1,"minecraft:cooked_salmon":4,"minecraft:stone_axe":5,"born_in_chaos_v1:bone_heart":13,"minecraft:bread":96,"minecraft:air":0,"minecraft:jungle_planks":440,"minecraft:blue_dye":4,"minecraft:jungle_door":3,"minecraft:white_wool":79,"botania:magenta_petal":2,"minecraft:acacia_planks":32,"minecraft:torch":372,"mca:wedding_ring":1,"minecraft:clay":23},"minecraft:dropped":{"minecraft:iron_sword":1,"minecraft:porkchop":1,"minecraft:glow_ink_sac":3,"minecraft:diamond":10,"minecraft:crafting_table":1,"minecraft:pitcher_pod":3,"born_in_chaos_v1:pieceofdarkmetal":6,"minecraft:emerald":8,"born_in_chaos_v1:monster_flesh":1,"minecraft:dirt":65,"minecraft:jungle_sapling":1,"minecraft:sand":16,"majruszsdifficulty:tattered_leggings":1,"botania:white_mystical_flower":12,"minecraft:white_wool":2,"minecraft:bone":27,"usefulbackpacks:backpack_large":2,"minecraft:stone_axe":1,"minecraft:emerald_block":3,"minecraft:golden_chestplate":2,"minecraft:cobbled_deepslate":7,"minecraft:obsidian":13,"minecraft:rotten_flesh":2,"minecraft:oak_planks":6,"minecraft:salmon":1,"minecraft:tipped_arrow":2,"botania:light_gray_mystical_flower":1,"minecraft:enchanted_book":5,"born_in_chaos_v1:intoxicating_decoction":2,"minecraft:wheat_seeds":18,"tombstone:tablet_of_guard":1,"minecraft:iron_helmet":1,"minecraft:cobblestone":112,"minecraft:book":14,"minecraft:apple":25,"minecraft:granite":5,"minecraft:coal_block":20,"minecraft:golden_apple":14,"minecraft:pufferfish":1,"born_in_chaos_v1:gnawed_bones":4,"minecraft:iron_shovel":2,"minecraft:string":5,"minecraft:moss_carpet":1,"minecraft:stone_shovel":1,"minecraft:clay_ball":4,"minecraft:damaged_anvil":1,"minecraft:potato":1,"minecraft:bundle":1,"minecraft:diamond_pickaxe":1,"minecraft:spider_eye":2,"minecraft:bow":1,"minecraft:moss_block":1,"minecraft:brown_mushroom":2,"minecraft:oak_log":2,"minecraft:baked_potato":64,"minecraft:ender_pearl":6,"majruszsdifficulty:tattered_helmet":1,"minecraft:leather":2,"iceandfire:tide_trident":2,"minecraft:flint":2,"artifacts:night_vision_goggles":1,"minecraft:dark_oak_log":2,"artifacts:superstitious_hat":1,"born_in_chaos_v1:monster_skin":1,"minecraft:mutton":2,"minecraft:coast_armor_trim_smithing_template":4,"minecraft:cooked_cod":1,"majruszsdifficulty:tattered_boots":1,"usefulbackpacks:backpack_small":1,"minecraft:gravel":2,"minecraft:spyglass":1,"born_in_chaos_v1:ethereal_spirit":1,"minecraft:carrot":66,"born_in_chaos_v1:seedof_chaos":1,"minecraft:gunpowder":11,"minecraft:beetroot_seeds":1,"minecraft:melon_seeds":2,"born_in_chaos_v1:corpse_maggot":7,"born_in_chaos_v1:diamond_termite_shard":7,"minecraft:arrow":6,"minecraft:polished_granite":128,"minecraft:bread":40,"illagerinvasion:lost_candle":1,"minecraft:tropical_fish":14,"minecraft:acacia_log":2,"immersive_armors:warrior_leggings":2,"minecraft:grass_block":2,"minecraft:magenta_bed":1,"minecraft:iron_block":67,"minecraft:diorite":7,"minecraft:map":1,"tombstone:grave_dust":5,"minecraft:iron_leggings":2,"minecraft:flowering_azalea":2,"born_in_chaos_v1:staffof_magic_arrows":3,"minecraft:bucket":1,"minecraft:anvil":1,"minecraft:tuff":6,"minecraft:raw_iron":11,"iceandfire:troll_weapon_hammer":3,"minecraft:shield":1,"born_in_chaos_v1:spiny_shell":14,"minecraft:andesite":4,"minecraft:oak_sapling":12,"minecraft:slime_ball":20,"minecraft:raw_gold":8,"born_in_chaos_v1:bone_heart":4},"minecraft:custom":{"minecraft:interact_with_crafting_table":267,"minecraft:open_barrel":130,"minecraft:leave_game":13,"minecraft:time_since_death":11659,"minecraft:damage_blocked_by_shield":3585,"minecraft:play_time":1100607,"minecraft:deaths":51,"minecraft:jump":22100,"minecraft:interact_with_furnace":124,"minecraft:traded_with_villager":9,"minecraft:interact_with_cartography_table":3,"minecraft:sleep_in_bed":40,"minecraft:damage_dealt":127617,"tombstone:undead_killed":278,"minecraft:interact_with_smoker":114,"minecraft:inspect_dispenser":1,"minecraft:interact_with_smithing_table":4,"minecraft:interact_with_anvil":10,"minecraft:sneak_time":37723,"minecraft:interact_with_blast_furnace":209,"minecraft:total_world_time":1101875,"tombstone:raider_killed":22,"minecraft:tune_noteblock":18,"minecraft:time_since_rest":11474,"minecraft:swim_one_cm":227954,"minecraft:fly_one_cm":4318660,"minecraft:open_chest":1042,"minecraft:fall_one_cm":634834,"minecraft:damage_resisted":40,"minecraft:sprint_one_cm":3171826,"minecraft:drop":204,"minecraft:play_noteblock":24,"minecraft:talked_to_villager":2,"minecraft:walk_on_water_one_cm":159630,"minecraft:crouch_one_cm":110340,"minecraft:mob_kills":659,"minecraft:interact_with_campfire":15,"minecraft:damage_dealt_resisted":6465,"minecraft:climb_one_cm":31024,"minecraft:walk_one_cm":1844926,"minecraft:walk_under_water_one_cm":283155,"minecraft:pot_flower":1,"minecraft:interact_with_grindstone":1,"minecraft:damage_absorbed":81,"minecraft:damage_taken":45269,"minecraft:trigger_trapped_chest":16},"minecraft:picked_up":{"minecraft:chainmail_boots":1,"minecraft:prismarine_shard":15,"minecraft:flower_pot":6,"minecraft:anvil":14,"minecraft:smithing_table":2,"minecraft:enchanted_book":9,"minecraft:amethyst_block":7,"iceandfire:manuscript":4,"minecraft:string":333,"minecraft:dark_oak_trapdoor":24,"minecraft:cooked_salmon":15,"minecraft:pufferfish":1,"minecraft:beetroot":32,"illagerinvasion:platinum_infused_hatchet":2,"minecraft:gold_nugget":611,"minecraft:cobbled_deepslate":237,"minecraft:spruce_planks":44,"minecraft:coal_block":21,"born_in_chaos_v1:shattered_skull":6,"minecraft:composter":5,"minecraft:big_dripleaf":5,"minecraft:acacia_log":2,"born_in_chaos_v1:pileof_dark_metal":1,"minecraft:cherry_log":3,"minecraft:golden_chestplate":2,"minecraft:rabbit_foot":1,"minecraft:orange_bed":3,"botania:white_mystical_flower":12,"minecraft:tropical_fish":16,"artifacts:villager_hat":1,"minecraft:red_tulip":1,"minecraft:blue_dye":3,"iceandfire:fire_dragon_heart":1,"minecraft:iron_block":66,"minecraft:iron_bars":11,"minecraft:birch_log":64,"born_in_chaos_v1:staffof_magic_arrows":4,"minecraft:mossy_cobblestone_slab":2,"minecraft:jungle_log":127,"minecraft:smoker":4,"minecraft:flint":9,"minecraft:magenta_bed":8,"minecraft:map":2,"minecraft:lantern":12,"minecraft:chipped_anvil":4,"minecraft:glowstone_dust":2,"minecraft:rabbit":8,"minecraft:moss_block":10,"minecraft:pitcher_pod":4,"botania:red_mystical_flower":1,"patchouli:guide_book":1,"iceandfire:dragon_skull_fire":14,"iceandfire:shiny_scales":34,"minecraft:ink_sac":3,"iceandfire:lightning_dragon_heart":1,"minecraft:trapped_chest":1,"minecraft:dark_oak_log":5,"minecraft:barrel":1,"minecraft:bundle":11,"minecraft:stripped_acacia_log":17,"minecraft:polished_andesite":14,"minecraft:granite":139,"minecraft:bread":8,"iceandfire:troll_leather_forest":6,"born_in_chaos_v1:rotten_fish":39,"minecraft:bricks":2,"botania:brown_mushroom":3,"minecraft:diamond_pickaxe":2,"iceandfire:siren_tear":1,"iceandfire:dragon_skull_lightning":5,"minecraft:crafting_table":21,"minecraft:clay_ball":105,"born_in_chaos_v1:seedof_chaos":8,"iceandfire:sea_serpent_scales_blue":2,"minecraft:cornflower":4,"artifacts:power_glove":1,"born_in_chaos_v1:intoxicating_decoction":5,"minecraft:iron_shovel":3,"usefulbackpacks:backpack_small":1,"born_in_chaos_v1:gnawed_bones":8,"minecraft:jungle_sapling":14,"minecraft:chest":24,"minecraft:birch_sapling":9,"minecraft:raw_copper_block":1,"minecraft:egg":13,"minecraft:sandstone":21,"minecraft:stone":2,"minecraft:oak_door":14,"minecraft:spruce_fence":51,"iceandfire:deathworm_chitin_white":16,"born_in_chaos_v1:pieceofdarkmetal":30,"minecraft:carrot":836,"minecraft:prismarine_crystals":33,"minecraft:tnt":1,"born_in_chaos_v1:charmof_fury":1,"minecraft:stone_shovel":1,"minecraft:beetroot_seeds":84,"born_in_chaos_v1:wood_splitter_axe":2,"minecraft:shears":1,"minecraft:hay_block":19,"born_in_chaos_v1:spiny_shell":34,"tombstone:essence_of_undeath":2,"minecraft:gold_ingot":1,"minecraft:glow_berries":13,"minecraft:mutton":2,"minecraft:bone_block":2,"minecraft:white_wool":28,"minecraft:rail":2,"born_in_chaos_v1:monster_flesh":21,"iceandfire:sea_serpent_fang":12,"majruszsdifficulty:tattered_helmet":3,"minecraft:torchflower":2,"minecraft:oak_log":385,"minecraft:paper":4,"chococraft:chocobo_feather":3,"majruszsdifficulty:tattered_leggings":2,"chococraft:gysahl_green":25,"minecraft:stone_bricks":127,"minecraft:apple":30,"minecraft:kelp":27,"minecraft:spore_blossom":1,"tombstone:bag_of_seeds":8,"minecraft:glass_bottle":1,"minecraft:iron_sword":3,"minecraft:flowering_azalea":9,"minecraft:smooth_basalt":3,"born_in_chaos_v1:ethereal_spirit":24,"minecraft:spyglass":1,"minecraft:gravel":62,"minecraft:spruce_sapling":2,"simplytools:iron_excavator":1,"minecraft:spruce_log":17,"minecraft:diamond_shovel":1,"minecraft:slime_ball":66,"minecraft:diamond_axe":1,"minecraft:baked_potato":64,"minecraft:melon_seeds":2,"immersive_armors:wooden_boots":1,"minecraft:ender_pearl":17,"iceandfire:deathworm_egg":1,"minecraft:wheat":116,"illagerinvasion:platinum_chunk":4,"iceandfire:troll_weapon_hammer":3,"botania:blue_mushroom":3,"iceandfire:armor_copper_metal_chestplate":1,"born_in_chaos_v1:black_argillite":6,"minecraft:raw_copper":79,"minecraft:sticky_piston":2,"minecraft:bucket":2,"minecraft:light_weighted_pressure_plate":2,"minecraft:rose_bush":2,"minecraft:calcite":6,"minecraft:azalea":7,"minecraft:iron_pickaxe":1,"minecraft:furnace":6,"minecraft:tipped_arrow":8,"minecraft:stick":74,"minecraft:jungle_door":7,"minecraft:oak_fence":20,"born_in_chaos_v1:phantom_powder":4,"minecraft:torch":113,"minecraft:spruce_stairs":1,"minecraft:porkchop":1,"minecraft:target":1,"minecraft:vine":13,"minecraft:diorite":130,"iceandfire:rotten_egg":1,"iceandfire:lightning_dragon_blood":2,"minecraft:pointed_dripstone":2,"tombstone:grave_dust":65,"born_in_chaos_v1:nightmare_claw":5,"disenchanting:disenchanter":1,"minecraft:rotten_flesh":312,"botania:light_gray_mystical_flower":1,"born_in_chaos_v1:sea_terror_eye":4,"minecraft:obsidian":33,"minecraft:cod":3,"minecraft:cobblestone":1562,"minecraft:enchanting_table":6,"minecraft:lilac":3,"minecraft:andesite":55,"minecraft:orange_carpet":1,"minecraft:potato":1009,"minecraft:tuff":19,"minecraft:dirt":3698,"minecraft:lapis_lazuli":52,"minecraft:polished_granite":128,"born_in_chaos_v1:monster_skin":15,"minecraft:bone":197,"minecraft:bow":6,"minecraft:wheat_seeds":482,"minecraft:raw_gold":86,"minecraft:bell":1,"minecraft:grindstone":5,"minecraft:bamboo":127,"minecraft:oak_planks":88,"minecraft:poisonous_potato":6,"minecraft:sand":87,"minecraft:jungle_planks":168,"minecraft:grass_block":3,"minecraft:lily_of_the_valley":1,"minecraft:mossy_cobblestone":8,"artifacts:plastic_drinking_hat":1,"minecraft:jungle_leaves":2,"minecraft:diamond":30,"iceandfire:fire_dragon_blood":2,"minecraft:bone_meal":12,"minecraft:golden_apple":11,"simplyswords:gold_twinblade":1,"minecraft:emerald":34,"minecraft:oak_sapling":94,"iceandfire:tide_trident":3,"born_in_chaos_v1:sea_terror_stomach":2,"minecraft:cocoa_beans":12,"majruszsdifficulty:tattered_boots":3,"minecraft:fishing_rod":1,"minecraft:charcoal":2,"born_in_chaos_v1:diamond_termite_shard":69,"artifacts:night_vision_goggles":1,"iceandfire:fire_lily":1,"minecraft:brown_mushroom":2,"minecraft:stone_brick_wall":10,"minecraft:shield":3,"minecraft:moss_carpet":14,"minecraft:item_frame":2,"botania:magenta_mystical_flower":1,"minecraft:candle":4,"minecraft:lectern":7,"minecraft:sugar_cane":7,"illagerinvasion:lost_candle":2,"minecraft:raw_iron":329,"iceandfire:dragonbone":17,"artifacts:vampiric_glove":1,"born_in_chaos_v1:charmof_endurance":1,"artifacts:snorkel":1,"iceandfire:sea_serpent_scales_purple":3,"minecraft:arrow":107,"artifacts:cross_necklace":1,"born_in_chaos_v1:trident_hayfork":3,"minecraft:skeleton_skull":4,"born_in_chaos_v1:fused_bone":12,"born_in_chaos_v1:corpse_maggot":48,"minecraft:air":0,"minecraft:glow_ink_sac":24,"minecraft:salmon":7,"minecraft:leather":2,"minecraft:birch_planks":1,"artifacts:superstitious_hat":1,"iceandfire:ectoplasm":10,"minecraft:yellow_bed":1,"minecraft:gunpowder":76,"minecraft:cobblestone_stairs":1,"minecraft:coast_armor_trim_smithing_template":4,"immersive_armors:warrior_leggings":3,"chococraft:gold_gysahl":1,"minecraft:acacia_trapdoor":5,"minecraft:rabbit_hide":2,"minecraft:iron_ingot":4,"minecraft:book":348,"minecraft:emerald_block":3,"iceandfire:ash":4,"minecraft:raw_iron_block":1,"born_in_chaos_v1:dark_rod":7,"minecraft:amethyst_shard":12,"chococraft:gysahl_green_seeds":9,"minecraft:red_banner":3,"minecraft:blast_furnace":36,"minecraft:white_bed":57,"minecraft:spider_eye":94,"usefulbackpacks:backpack_large":1,"minecraft:iron_helmet":1,"minecraft:terracotta":1,"minecraft:acacia_slab":4,"tombstone:magic_scroll":15,"minecraft:damaged_anvil":5,"majruszsdifficulty:tattered_chestplate":1,"minecraft:coal":481},"minecraft:used":{"minecraft:beetroot":1,"minecraft:moss_block":9,"minecraft:chest":43,"minecraft:stone":2,"minecraft:lily_of_the_valley":1,"minecraft:jungle_sapling":11,"minecraft:grass_block":1,"minecraft:birch_sapling":2,"minecraft:rabbit_stew":1,"minecraft:bow":20,"minecraft:furnace":8,"minecraft:oak_sapling":42,"minecraft:cooked_cod":12,"minecraft:egg":10,"minecraft:potato":244,"iceandfire:troll_weapon_hammer":12,"minecraft:diorite":54,"minecraft:damaged_anvil":4,"minecraft:acacia_trapdoor":5,"minecraft:wooden_pickaxe":16,"minecraft:composter":5,"minecraft:clay":23,"minecraft:cookie":11,"minecraft:dark_oak_trapdoor":10,"minecraft:glow_berries":12,"minecraft:sand":39,"minecraft:pitcher_pod":1,"minecraft:blast_furnace":37,"illagerinvasion:lost_candle":23,"minecraft:lectern":6,"minecraft:spore_blossom":1,"minecraft:lilac":3,"minecraft:coal_block":1,"minecraft:smithing_table":2,"minecraft:poisonous_potato":1,"minecraft:birch_log":3,"iceandfire:fire_lily":1,"minecraft:iron_bars":3,"minecraft:enchanting_table":6,"born_in_chaos_v1:smoked_fish":20,"minecraft:cooked_salmon":21,"minecraft:orange_bed":3,"minecraft:torch":477,"minecraft:anvil":12,"iceandfire:copper_sword":106,"minecraft:flowering_azalea":7,"minecraft:chipped_anvil":4,"minecraft:light_weighted_pressure_plate":3,"simplytools:iron_hammer":1135,"minecraft:smooth_basalt":3,"minecraft:bamboo":16,"born_in_chaos_v1:black_argillitepressureplate":4,"minecraft:raw_copper_block":1,"simplytools:stone_excavator":1450,"tombstone:gift":9,"minecraft:cobbled_deepslate":228,"minecraft:pointed_dripstone":2,"minecraft:calcite":6,"minecraft:wheat_seeds":206,"minecraft:water_bucket":153,"minecraft:bundle":1,"immersive_armors:slime_helmet":1,"iceandfire:dragon_skull_lightning":3,"minecraft:salmon":2,"minecraft:mossy_cobblestone":8,"minecraft:orange_carpet":1,"minecraft:rail":2,"minecraft:vine":2,"immersive_armors:steampunk_leggings":2,"minecraft:tnt":1,"minecraft:crafting_table":46,"disenchanting:disenchanter":2,"minecraft:white_bed":74,"minecraft:cod":1,"minecraft:oak_log":101,"minecraft:diamond_pickaxe":9,"minecraft:diamond_shovel":75,"chococraft:gysahl_green_seeds":1,"minecraft:oak_button":2,"minecraft:iron_pickaxe":1155,"tombstone:magic_scroll":2,"minecraft:cobblestone":326,"illagerinvasion:platinum_infused_hatchet":2,"simplytools:iron_excavator":799,"minecraft:kelp":27,"minecraft:jukebox":1,"iceandfire:tide_trident":1,"minecraft:moss_carpet":13,"minecraft:iron_shovel":1,"minecraft:diamond_hoe":73,"minecraft:shield":63,"minecraft:iron_sword":202,"minecraft:iron_chestplate":1,"minecraft:jungle_planks":466,"minecraft:carrot":465,"minecraft:tuff":10,"minecraft:axolotl_bucket":1,"minecraft:big_dripleaf":5,"born_in_chaos_v1:corpse_maggot":11,"minecraft:bricks":2,"minecraft:lantern":12,"minecraft:iron_helmet":2,"minecraft:mossy_cobblestone_slab":2,"born_in_chaos_v1:gnawed_bones":4,"minecraft:stone_bricks":462,"minecraft:item_frame":2,"minecraft:jungle_button":3,"minecraft:skeleton_skull":3,"minecraft:torchflower":2,"minecraft:stripped_acacia_log":9,"minecraft:stone_pickaxe":131,"minecraft:oak_planks":383,"minecraft:birch_wood":3,"minecraft:ender_pearl":1,"minecraft:sandstone":4,"minecraft:sugar_cane":7,"minecraft:diamond_axe":589,"minecraft:white_wool":2,"simplyswords:diamond_spear":1063,"majruszsdifficulty:tattered_helmet":1,"minecraft:stone_brick_wall":314,"minecraft:bread":131,"minecraft:gravel":26,"born_in_chaos_v1:smoked_monster_flesh":3,"minecraft:torchflower_seeds":5,"mca:cross_headstone":18,"iceandfire:dragon_skull_fire":12,"minecraft:grindstone":6,"minecraft:cooked_rabbit":8,"minecraft:andesite":17,"minecraft:bone_meal":77,"minecraft:oak_fence":20,"minecraft:azalea":7,"minecraft:rose_bush":2,"minecraft:tropical_fish":1,"minecraft:stone_shovel":282,"minecraft:spruce_planks":17,"born_in_chaos_v1:black_argillite":2,"minecraft:stone_hoe":72,"minecraft:oak_door":20,"minecraft:dirt":3574,"minecraft:spyglass":46,"minecraft:spruce_stairs":1,"minecraft:spruce_fence":51,"minecraft:granite":66,"minecraft:wooden_axe":9,"minecraft:red_tulip":1,"minecraft:bookshelf":51,"minecraft:acacia_slab":4,"minecraft:iron_boots":2,"minecraft:iron_leggings":3,"born_in_chaos_v1:trident_hayfork":79,"minecraft:amethyst_block":7,"minecraft:cobblestone_stairs":1,"minecraft:polished_andesite":27,"minecraft:baked_potato":211,"minecraft:terracotta":1,"minecraft:magenta_bed":7,"botania:red_mystical_flower":1,"minecraft:smoker":8,"tombstone:bag_of_seeds":4,"minecraft:flower_pot":5,"minecraft:map":1,"iceandfire:ash":4,"minecraft:stone_axe":221,"immersive_armors:wooden_boots":1,"minecraft:jungle_door":10,"minecraft:red_banner":2,"minecraft:bucket":155,"minecraft:yellow_bed":1},"minecraft:mined":{"minecraft:white_bed":57,"botania:red_mystical_flower":13,"minecraft:jungle_leaves":3,"minecraft:granite":134,"minecraft:stone_brick_wall":10,"minecraft:coal_block":1,"botania:light_gray_mystical_flower":1,"minecraft:spawner":7,"minecraft:tall_seagrass":1,"botania:purple_mystical_flower":8,"minecraft:dark_oak_trapdoor":25,"minecraft:cobbled_deepslate":18,"minecraft:fire":109,"minecraft:moss_carpet":2,"minecraft:deepslate_lapis_ore":2,"minecraft:enchanting_table":5,"iceandfire:gold_pile":50,"minecraft:dirt_path":4,"botania:brown_mystical_flower":10,"botania:light_blue_mystical_flower":2,"minecraft:orange_bed":3,"botania:green_mystical_flower":2,"minecraft:smoker":4,"minecraft:amethyst_cluster":3,"born_in_chaos_v1:infected_deepslate_diamond_ore":17,"minecraft:torch":25,"minecraft:blast_furnace":36,"botania:brown_mushroom":4,"minecraft:sugar_cane":2,"minecraft:damaged_anvil":4,"minecraft:bricks":2,"minecraft:amethyst_block":7,"mca:cross_headstone":1,"minecraft:wheat":50,"minecraft:magenta_bed":7,"minecraft:lilac":3,"minecraft:grass":313,"minecraft:smooth_basalt":3,"minecraft:deepslate":179,"minecraft:mossy_cobblestone":8,"minecraft:spruce_fence":51,"minecraft:jungle_planks":129,"born_in_chaos_v1:black_argillite":7,"botania:cyan_double_flower":1,"minecraft:moss_block":8,"minecraft:kelp":1,"botania:magenta_mystical_flower":1,"minecraft:acacia_trapdoor":8,"minecraft:jungle_sapling":3,"minecraft:suspicious_sand":1,"minecraft:andesite":51,"minecraft:potatoes":55,"minecraft:vine":14,"minecraft:rail":1,"minecraft:bamboo":12,"minecraft:bamboo_sapling":3,"minecraft:smithing_table":2,"botania:lime_mystical_flower":9,"minecraft:potted_lily_of_the_valley":1,"minecraft:emerald_ore":20,"minecraft:campfire":1,"minecraft:copper_ore":11,"minecraft:tall_grass":19,"minecraft:deepslate_gold_ore":48,"minecraft:diorite":129,"minecraft:torchflower":2,"minecraft:spruce_log":6,"minecraft:birch_leaves":1,"botania:white_mystical_flower":17,"minecraft:gravel":48,"minecraft:cobweb":203,"minecraft:stone_bricks":121,"minecraft:chipped_anvil":4,"minecraft:gold_ore":28,"minecraft:fern":98,"minecraft:large_amethyst_bud":3,"minecraft:spruce_planks":18,"minecraft:oak_sapling":1,"minecraft:farmland":26,"minecraft:cobblestone_stairs":1,"minecraft:budding_amethyst":1,"minecraft:grass_block":2594,"minecraft:composter":5,"minecraft:raw_iron_block":1,"minecraft:mossy_cobblestone_slab":2,"minecraft:iron_ore":234,"minecraft:target":1,"botania:lime_double_flower":3,"minecraft:anvil":13,"chococraft:gysahl_green":9,"minecraft:iron_bars":11,"minecraft:potted_cornflower":4,"minecraft:azalea":1,"botania:orange_mystical_flower":9,"minecraft:jungle_door":4,"minecraft:medium_amethyst_bud":1,"minecraft:clay":16,"minecraft:calcite":6,"minecraft:chest":23,"iceandfire:fire_lily":1,"minecraft:cobblestone":40,"botania:blue_mystical_flower":5,"minecraft:grindstone":5,"minecraft:oak_planks":60,"minecraft:wall_torch":47,"botania:blue_mushroom":3,"minecraft:light_weighted_pressure_plate":1,"minecraft:birch_log":1,"minecraft:tnt":2,"minecraft:oak_log":59,"minecraft:beetroots":8,"minecraft:sand":53,"minecraft:dirt":731,"minecraft:raw_copper_block":1,"minecraft:potted_red_tulip":1,"minecraft:oak_leaves":62,"minecraft:diamond_ore":1,"minecraft:tuff":1,"disenchanting:disenchanter":1,"minecraft:dark_oak_leaves":2,"minecraft:deepslate_diamond_ore":21,"minecraft:oak_door":5,"born_in_chaos_v1:infected_diamond_ore":3,"botania:brown_double_flower":1,"minecraft:spruce_leaves":9,"minecraft:acacia_slab":4,"minecraft:sandstone":21,"minecraft:hay_block":19,"minecraft:spore_blossom":1,"minecraft:furnace":5,"minecraft:carrots":40,"minecraft:bell":1,"minecraft:bookshelf":108,"minecraft:deepslate_iron_ore":82,"minecraft:lantern":6,"minecraft:stripped_acacia_log":17,"minecraft:stone":1369,"botania:light_blue_double_flower":1,"minecraft:oak_fence":20,"minecraft:crafting_table":19,"minecraft:lectern":7,"minecraft:lapis_ore":6,"minecraft:spruce_stairs":1,"botania:pink_mystical_flower":10,"botania:cyan_mystical_flower":4,"iceandfire:ash":1,"minecraft:yellow_bed":1,"minecraft:coal_ore":447,"minecraft:terracotta":1,"minecraft:polished_andesite":14,"minecraft:small_dripleaf":1},"minecraft:killed":{"illagerinvasion:archivist":1,"minecraft:cave_spider":49,"born_in_chaos_v1:restless_spirit":5,"born_in_chaos_v1:zombie_lumberjack":5,"born_in_chaos_v1:skeleton_demoman":2,"born_in_chaos_v1:siamese_skeletonsright":6,"creeperoverhaul:dripstone_creeper":2,"born_in_chaos_v1:baby_skeleton_minion":10,"minecraft:skeleton":55,"creeperoverhaul:jungle_creeper":1,"born_in_chaos_v1:skeleton_thrasher":3,"majruszsdifficulty:creeperling":4,"creeperoverhaul:cave_creeper":1,"minecraft:tropical_fish":1,"minecraft:pillager":2,"minecraft:zombie":111,"born_in_chaos_v1:corpse_fly":11,"born_in_chaos_v1:door_knight":5,"iceandfire:sea_serpent":2,"mca:female_zombie_villager":2,"minecraft:vindicator":1,"illagerinvasion:marauder":1,"born_in_chaos_v1:thornshell_crab":6,"iceandfire:siren":8,"minecraft:husk":7,"minecraft:rabbit":5,"majruszsdifficulty:cursed_armor":1,"born_in_chaos_v1:decrepit_skeleton":18,"born_in_chaos_v1:bloody_gadfly":1,"iceandfire:ghost":7,"born_in_chaos_v1:dark_vortex":4,"minecraft:enderman":16,"born_in_chaos_v1:zombie_clown":2,"minecraft:witch":2,"minecraft:spider":16,"born_in_chaos_v1:scarlet_persecutor":3,"creeperoverhaul:bamboo_creeper":5,"illagerinvasion:provoker":3,"artifacts:mimic":5,"born_in_chaos_v1:bonescaller":5,"minecraft:zombie_villager":5,"born_in_chaos_v1:diamond_termite":68,"born_in_chaos_v1:glutton_fish":2,"minecraft:creeper":8,"born_in_chaos_v1:zombie_fisherman":1,"born_in_chaos_v1:dread_hound":18,"minecraft:stray":5,"born_in_chaos_v1:siamese_skeletonsleft":6,"born_in_chaos_v1:missioner":1,"minecraft:slime":42,"born_in_chaos_v1:zombie_bruiser":6,"born_in_chaos_v1:maggot":49,"born_in_chaos_v1:corpse_fish":9,"iceandfire:deathworm":2,"born_in_chaos_v1:siamese_skeletons":1,"born_in_chaos_v1:fallen_chaos_knight":5,"born_in_chaos_v1:baby_skeleton":6,"born_in_chaos_v1:swarmer":1,"iceandfire:troll":2,"minecraft:bat":1,"born_in_chaos_v1:phantom_creeper_copy":2,"born_in_chaos_v1:decaying_zombie":4,"creeperoverhaul:ocean_creeper":1,"born_in_chaos_v1:nightmare_stalker":5},"minecraft:broken":{"majruszsdifficulty:tattered_boots":1,"minecraft:iron_boots":2,"minecraft:iron_leggings":1,"minecraft:shield":1,"minecraft:iron_pickaxe":3,"minecraft:iron_helmet":3,"minecraft:iron_shovel":1,"minecraft:stone_pickaxe":1,"minecraft:stone_axe":1,"minecraft:stone_shovel":2,"iceandfire:armor_copper_metal_helmet":1,"immersive_armors:wooden_boots":1,"iceandfire:earplugs":1},"minecraft:killed_by":{"minecraft:zombie_villager":1,"cave_dweller:cave_dweller":3}},"DataVersion":3465}