{"stats":{"minecraft:picked_up":{"minecraft:chainmail_boots":1,"minecraft:prismarine_shard":15,"minecraft:flower_pot":5,"minecraft:anvil":8,"minecraft:enchanted_book":7,"minecraft:amethyst_block":7,"iceandfire:manuscript":4,"minecraft:string":294,"minecraft:dark_oak_trapdoor":24,"minecraft:cooked_salmon":15,"minecraft:pufferfish":1,"minecraft:beetroot":32,"illagerinvasion:platinum_infused_hatchet":2,"minecraft:gold_nugget":611,"minecraft:cobbled_deepslate":166,"minecraft:spruce_planks":44,"minecraft:coal_block":21,"born_in_chaos_v1:shattered_skull":3,"minecraft:big_dripleaf":5,"minecraft:acacia_log":2,"born_in_chaos_v1:pileof_dark_metal":1,"minecraft:cherry_log":3,"minecraft:golden_chestplate":2,"minecraft:rabbit_foot":1,"botania:white_mystical_flower":12,"minecraft:tropical_fish":16,"artifacts:villager_hat":1,"iceandfire:fire_dragon_heart":1,"minecraft:iron_block":66,"minecraft:iron_bars":3,"minecraft:birch_log":6,"born_in_chaos_v1:staffof_magic_arrows":3,"minecraft:mossy_cobblestone_slab":2,"minecraft:jungle_log":59,"minecraft:smoker":3,"minecraft:flint":3,"minecraft:magenta_bed":8,"minecraft:map":2,"minecraft:lantern":12,"minecraft:chipped_anvil":3,"minecraft:glowstone_dust":2,"minecraft:rabbit":8,"minecraft:moss_block":10,"minecraft:pitcher_pod":4,"botania:red_mystical_flower":1,"patchouli:guide_book":1,"iceandfire:dragon_skull_fire":4,"iceandfire:shiny_scales":34,"minecraft:ink_sac":3,"iceandfire:lightning_dragon_heart":1,"minecraft:dark_oak_log":4,"minecraft:trapped_chest":1,"minecraft:barrel":1,"minecraft:bundle":6,"minecraft:stripped_acacia_log":17,"minecraft:granite":37,"minecraft:bread":8,"iceandfire:troll_leather_forest":6,"born_in_chaos_v1:rotten_fish":37,"minecraft:bricks":2,"botania:brown_mushroom":3,"minecraft:diamond_pickaxe":2,"iceandfire:siren_tear":1,"iceandfire:dragon_skull_lightning":2,"minecraft:crafting_table":17,"minecraft:clay_ball":105,"born_in_chaos_v1:seedof_chaos":8,"iceandfire:sea_serpent_scales_blue":2,"minecraft:cornflower":4,"artifacts:power_glove":1,"born_in_chaos_v1:intoxicating_decoction":5,"minecraft:iron_shovel":3,"born_in_chaos_v1:gnawed_bones":8,"minecraft:jungle_sapling":2,"minecraft:birch_sapling":1,"minecraft:chest":4,"minecraft:raw_copper_block":1,"minecraft:egg":8,"minecraft:sandstone":21,"minecraft:stone":2,"minecraft:spruce_fence":51,"iceandfire:deathworm_chitin_white":16,"born_in_chaos_v1:pieceofdarkmetal":29,"minecraft:carrot":805,"minecraft:prismarine_crystals":33,"minecraft:tnt":1,"born_in_chaos_v1:charmof_fury":1,"minecraft:stone_shovel":1,"minecraft:beetroot_seeds":84,"minecraft:hay_block":19,"born_in_chaos_v1:spiny_shell":34,"tombstone:essence_of_undeath":2,"minecraft:gold_ingot":1,"minecraft:glow_berries":5,"minecraft:rail":2,"minecraft:white_wool":1,"born_in_chaos_v1:monster_flesh":17,"iceandfire:sea_serpent_fang":12,"minecraft:oak_log":85,"minecraft:paper":4,"chococraft:chocobo_feather":3,"minecraft:stone_bricks":10,"minecraft:apple":25,"minecraft:kelp":27,"minecraft:spore_blossom":1,"tombstone:bag_of_seeds":6,"minecraft:glass_bottle":1,"minecraft:iron_sword":3,"minecraft:flowering_azalea":7,"minecraft:smooth_basalt":2,"born_in_chaos_v1:ethereal_spirit":21,"minecraft:gravel":26,"minecraft:spruce_sapling":2,"minecraft:spruce_log":16,"minecraft:slime_ball":64,"minecraft:diamond_axe":1,"minecraft:baked_potato":64,"minecraft:melon_seeds":2,"immersive_armors:wooden_boots":1,"minecraft:ender_pearl":12,"iceandfire:deathworm_egg":1,"minecraft:wheat":116,"iceandfire:troll_weapon_hammer":2,"botania:blue_mushroom":3,"born_in_chaos_v1:black_argillite":6,"minecraft:raw_copper":3,"minecraft:sticky_piston":2,"minecraft:bucket":2,"minecraft:light_weighted_pressure_plate":2,"minecraft:rose_bush":2,"minecraft:calcite":3,"minecraft:azalea":7,"minecraft:iron_pickaxe":1,"minecraft:furnace":5,"minecraft:tipped_arrow":5,"minecraft:stick":19,"minecraft:oak_fence":8,"born_in_chaos_v1:phantom_powder":4,"minecraft:torch":32,"minecraft:spruce_stairs":1,"minecraft:pointed_dripstone":2,"iceandfire:lightning_dragon_blood":2,"iceandfire:rotten_egg":1,"minecraft:diorite":20,"tombstone:grave_dust":46,"born_in_chaos_v1:nightmare_claw":5,"disenchanting:disenchanter":1,"minecraft:rotten_flesh":227,"botania:light_gray_mystical_flower":1,"born_in_chaos_v1:sea_terror_eye":4,"minecraft:obsidian":13,"minecraft:cod":3,"minecraft:cobblestone":533,"minecraft:enchanting_table":5,"minecraft:lilac":3,"minecraft:andesite":16,"minecraft:orange_carpet":1,"minecraft:potato":751,"minecraft:tuff":12,"minecraft:dirt":548,"minecraft:lapis_lazuli":52,"born_in_chaos_v1:monster_skin":14,"minecraft:bone":123,"minecraft:bow":6,"minecraft:wheat_seeds":389,"minecraft:raw_gold":86,"minecraft:bamboo":4,"minecraft:oak_planks":30,"minecraft:poisonous_potato":4,"minecraft:jungle_planks":99,"minecraft:sand":87,"minecraft:grass_block":2,"minecraft:lily_of_the_valley":1,"minecraft:mossy_cobblestone":8,"minecraft:diamond":29,"iceandfire:fire_dragon_blood":2,"minecraft:bone_meal":11,"minecraft:golden_apple":11,"minecraft:emerald":29,"iceandfire:tide_trident":2,"minecraft:oak_sapling":35,"born_in_chaos_v1:sea_terror_stomach":2,"minecraft:cocoa_beans":12,"minecraft:fishing_rod":1,"minecraft:charcoal":2,"majruszsdifficulty:tattered_boots":1,"born_in_chaos_v1:diamond_termite_shard":56,"artifacts:night_vision_goggles":1,"minecraft:brown_mushroom":2,"minecraft:shield":2,"minecraft:moss_carpet":14,"minecraft:item_frame":2,"botania:magenta_mystical_flower":1,"minecraft:candle":4,"minecraft:lectern":1,"minecraft:sugar_cane":7,"illagerinvasion:lost_candle":2,"minecraft:raw_iron":306,"iceandfire:dragonbone":17,"born_in_chaos_v1:charmof_endurance":1,"artifacts:snorkel":1,"iceandfire:sea_serpent_scales_purple":3,"minecraft:arrow":79,"artifacts:cross_necklace":1,"born_in_chaos_v1:trident_hayfork":3,"born_in_chaos_v1:fused_bone":10,"born_in_chaos_v1:corpse_maggot":24,"minecraft:air":0,"minecraft:glow_ink_sac":16,"minecraft:salmon":7,"minecraft:leather":2,"minecraft:birch_planks":1,"artifacts:superstitious_hat":1,"iceandfire:ectoplasm":10,"minecraft:yellow_bed":1,"minecraft:gunpowder":43,"minecraft:cobblestone_stairs":1,"minecraft:coast_armor_trim_smithing_template":4,"immersive_armors:warrior_leggings":3,"minecraft:acacia_trapdoor":5,"minecraft:rabbit_hide":2,"minecraft:iron_ingot":3,"minecraft:book":42,"minecraft:emerald_block":3,"iceandfire:ash":4,"minecraft:raw_iron_block":1,"born_in_chaos_v1:dark_rod":5,"minecraft:amethyst_shard":12,"minecraft:red_banner":2,"minecraft:blast_furnace":30,"minecraft:white_bed":33,"minecraft:spider_eye":51,"minecraft:iron_helmet":1,"minecraft:terracotta":1,"minecraft:acacia_slab":4,"tombstone:magic_scroll":9,"minecraft:damaged_anvil":5,"minecraft:coal":410},"minecraft:custom":{"minecraft:interact_with_crafting_table":194,"minecraft:open_barrel":124,"minecraft:leave_game":12,"minecraft:time_since_death":62542,"minecraft:damage_blocked_by_shield":3585,"minecraft:play_time":730896,"minecraft:deaths":45,"minecraft:jump":14635,"minecraft:interact_with_furnace":59,"minecraft:interact_with_cartography_table":2,"minecraft:sleep_in_bed":22,"minecraft:damage_dealt":101426,"tombstone:undead_killed":209,"minecraft:interact_with_smoker":92,"minecraft:inspect_dispenser":1,"minecraft:interact_with_smithing_table":4,"minecraft:interact_with_anvil":10,"minecraft:sneak_time":24948,"minecraft:interact_with_blast_furnace":187,"minecraft:total_world_time":732164,"tombstone:raider_killed":8,"minecraft:tune_noteblock":1,"minecraft:time_since_rest":43714,"minecraft:swim_one_cm":194353,"minecraft:fly_one_cm":3000092,"minecraft:open_chest":678,"minecraft:fall_one_cm":463494,"minecraft:damage_resisted":40,"minecraft:sprint_one_cm":2224507,"minecraft:drop":171,"minecraft:walk_on_water_one_cm":140106,"minecraft:crouch_one_cm":56334,"minecraft:mob_kills":520,"minecraft:interact_with_campfire":15,"minecraft:damage_dealt_resisted":5162,"minecraft:climb_one_cm":26308,"minecraft:walk_one_cm":1070280,"minecraft:walk_under_water_one_cm":232592,"minecraft:pot_flower":1,"minecraft:interact_with_grindstone":1,"minecraft:damage_absorbed":81,"minecraft:damage_taken":35579,"minecraft:trigger_trapped_chest":16},"minecraft:mined":{"minecraft:white_bed":33,"botania:red_mystical_flower":13,"minecraft:jungle_leaves":3,"minecraft:granite":32,"minecraft:coal_block":1,"botania:light_gray_mystical_flower":1,"minecraft:spawner":6,"minecraft:tall_seagrass":1,"botania:purple_mystical_flower":8,"minecraft:dark_oak_trapdoor":25,"minecraft:cobbled_deepslate":17,"minecraft:fire":27,"minecraft:moss_carpet":2,"minecraft:deepslate_lapis_ore":2,"minecraft:enchanting_table":4,"iceandfire:gold_pile":50,"minecraft:dirt_path":2,"botania:brown_mystical_flower":10,"botania:light_blue_mystical_flower":2,"botania:green_mystical_flower":2,"minecraft:smoker":3,"minecraft:amethyst_cluster":3,"born_in_chaos_v1:infected_deepslate_diamond_ore":17,"minecraft:torch":9,"minecraft:blast_furnace":30,"botania:brown_mushroom":4,"minecraft:sugar_cane":2,"minecraft:damaged_anvil":4,"minecraft:bricks":2,"minecraft:amethyst_block":7,"mca:cross_headstone":1,"minecraft:wheat":50,"minecraft:magenta_bed":7,"minecraft:lilac":3,"minecraft:grass":95,"minecraft:smooth_basalt":2,"minecraft:deepslate":121,"minecraft:mossy_cobblestone":8,"minecraft:spruce_fence":51,"minecraft:jungle_planks":68,"born_in_chaos_v1:black_argillite":7,"botania:cyan_double_flower":1,"minecraft:moss_block":8,"minecraft:kelp":1,"botania:magenta_mystical_flower":1,"minecraft:acacia_trapdoor":8,"minecraft:suspicious_sand":1,"minecraft:andesite":15,"minecraft:potatoes":5,"minecraft:vine":8,"minecraft:rail":1,"botania:lime_mystical_flower":9,"minecraft:potted_lily_of_the_valley":1,"minecraft:emerald_ore":16,"minecraft:campfire":1,"minecraft:tall_grass":17,"minecraft:deepslate_gold_ore":48,"minecraft:diorite":20,"minecraft:spruce_log":6,"minecraft:birch_leaves":1,"botania:white_mystical_flower":17,"minecraft:gravel":25,"minecraft:cobweb":203,"minecraft:stone_bricks":4,"minecraft:chipped_anvil":3,"minecraft:gold_ore":28,"minecraft:fern":22,"minecraft:large_amethyst_bud":3,"minecraft:spruce_planks":18,"minecraft:oak_sapling":1,"minecraft:farmland":7,"minecraft:cobblestone_stairs":1,"minecraft:budding_amethyst":1,"minecraft:grass_block":359,"minecraft:raw_iron_block":1,"minecraft:mossy_cobblestone_slab":2,"minecraft:iron_ore":211,"botania:lime_double_flower":3,"minecraft:anvil":7,"minecraft:iron_bars":3,"minecraft:potted_cornflower":4,"minecraft:azalea":1,"botania:orange_mystical_flower":9,"minecraft:medium_amethyst_bud":1,"minecraft:clay":16,"minecraft:calcite":3,"minecraft:chest":4,"minecraft:cobblestone":32,"botania:blue_mystical_flower":5,"minecraft:oak_planks":28,"minecraft:wall_torch":17,"botania:blue_mushroom":3,"minecraft:light_weighted_pressure_plate":1,"minecraft:birch_log":1,"minecraft:tnt":2,"minecraft:oak_log":5,"minecraft:beetroots":8,"minecraft:dirt":85,"minecraft:sand":53,"minecraft:raw_copper_block":1,"minecraft:oak_leaves":29,"minecraft:diamond_ore":1,"disenchanting:disenchanter":1,"minecraft:dark_oak_leaves":2,"minecraft:deepslate_diamond_ore":20,"born_in_chaos_v1:infected_diamond_ore":3,"botania:brown_double_flower":1,"minecraft:spruce_leaves":9,"minecraft:acacia_slab":4,"minecraft:sandstone":21,"minecraft:hay_block":19,"minecraft:spore_blossom":1,"minecraft:furnace":5,"minecraft:carrots":38,"minecraft:bookshelf":8,"minecraft:deepslate_iron_ore":82,"minecraft:lantern":6,"minecraft:stripped_acacia_log":17,"minecraft:stone":392,"botania:light_blue_double_flower":1,"minecraft:oak_fence":8,"minecraft:crafting_table":16,"minecraft:lectern":1,"minecraft:lapis_ore":6,"minecraft:spruce_stairs":1,"botania:pink_mystical_flower":10,"botania:cyan_mystical_flower":4,"iceandfire:ash":1,"minecraft:yellow_bed":1,"minecraft:coal_ore":376,"minecraft:terracotta":1,"minecraft:small_dripleaf":1},"minecraft:crafted":{"minecraft:smooth_stone":3,"minecraft:cooked_mutton":4,"immersive_armors:slime_leggings":1,"minecraft:cooked_rabbit":8,"minecraft:emerald":9,"minecraft:copper_ingot":9,"iceandfire:earplugs":1,"minecraft:oak_wood":3,"mca:cross_headstone":18,"usefulbackpacks:backpack_large":1,"minecraft:iron_pickaxe":4,"minecraft:iron_block":47,"minecraft:gold_ingot":217,"minecraft:sandstone":8,"immersive_armors:slime_helmet":1,"minecraft:stone_shovel":4,"born_in_chaos_v1:black_argillitepressureplate":4,"minecraft:spyglass":2,"mca:bouquet":1,"minecraft:bone_meal":66,"born_in_chaos_v1:smoked_monster_flesh":3,"minecraft:diamond":12,"minecraft:stone_pickaxe":2,"minecraft:dark_oak_planks":4,"minecraft:wheat":171,"minecraft:coal_block":34,"mca:engagement_ring":1,"minecraft:enchanting_table":2,"minecraft:golden_apple":11,"minecraft:wooden_axe":1,"minecraft:iron_leggings":4,"minecraft:white_bed":8,"minecraft:oak_planks":264,"usefulbackpacks:backpack_small":2,"minecraft:stone":3,"minecraft:bow":3,"minecraft:iron_boots":2,"minecraft:chest":17,"minecraft:stone_hoe":1,"born_in_chaos_v1:pileof_dark_metal":3,"minecraft:smoker":2,"born_in_chaos_v1:smoked_fish":20,"minecraft:crafting_table":24,"minecraft:spruce_planks":64,"minecraft:baked_potato":477,"minecraft:wooden_pickaxe":2,"minecraft:iron_helmet":3,"minecraft:gold_block":12,"minecraft:birch_planks":20,"illagerinvasion:platinum_infused_hatchet":1,"minecraft:iron_chestplate":3,"minecraft:emerald_block":6,"minecraft:stick":112,"minecraft:iron_ingot":583,"disenchanting:disenchanter":1,"xpbook:xp_tome":2,"minecraft:cherry_planks":4,"minecraft:oak_door":3,"mca:blueprint":1,"minecraft:raw_iron":90,"minecraft:coal":162,"minecraft:furnace":4,"minecraft:blast_furnace":1,"minecraft:diamond_block":4,"minecraft:leather":16,"botania:flower_bag":1,"usefulbackpacks:backpack_medium":1,"born_in_chaos_v1:trident_hayfork":1,"minecraft:cooked_cod":10,"immersive_armors:slime_boots":1,"minecraft:cooked_salmon":4,"minecraft:stone_axe":5,"born_in_chaos_v1:bone_heart":11,"minecraft:bread":96,"minecraft:air":0,"minecraft:jungle_planks":236,"minecraft:blue_dye":4,"minecraft:white_wool":67,"botania:magenta_petal":2,"minecraft:acacia_planks":32,"minecraft:torch":256,"mca:wedding_ring":1,"minecraft:clay":23},"minecraft:killed_by":{"minecraft:zombie_villager":1,"cave_dweller:cave_dweller":3},"minecraft:dropped":{"minecraft:iron_sword":1,"minecraft:glow_ink_sac":3,"minecraft:diamond":10,"minecraft:crafting_table":1,"minecraft:pitcher_pod":3,"minecraft:emerald":8,"born_in_chaos_v1:monster_flesh":1,"minecraft:dirt":65,"minecraft:sand":16,"botania:white_mystical_flower":12,"minecraft:white_wool":1,"minecraft:bone":26,"minecraft:stone_axe":1,"minecraft:emerald_block":3,"minecraft:golden_chestplate":2,"minecraft:cobbled_deepslate":2,"minecraft:obsidian":13,"minecraft:rotten_flesh":2,"minecraft:oak_planks":6,"minecraft:salmon":1,"minecraft:tipped_arrow":2,"botania:light_gray_mystical_flower":1,"minecraft:enchanted_book":5,"born_in_chaos_v1:intoxicating_decoction":2,"minecraft:wheat_seeds":16,"tombstone:tablet_of_guard":1,"minecraft:iron_helmet":1,"minecraft:cobblestone":112,"minecraft:book":14,"minecraft:apple":25,"minecraft:granite":2,"minecraft:golden_apple":14,"minecraft:coal_block":20,"minecraft:pufferfish":1,"born_in_chaos_v1:gnawed_bones":4,"minecraft:iron_shovel":2,"minecraft:string":5,"minecraft:moss_carpet":1,"minecraft:stone_shovel":1,"minecraft:clay_ball":4,"minecraft:damaged_anvil":1,"minecraft:bundle":1,"minecraft:diamond_pickaxe":1,"minecraft:spider_eye":2,"minecraft:bow":1,"minecraft:moss_block":1,"minecraft:brown_mushroom":2,"minecraft:oak_log":2,"minecraft:baked_potato":64,"minecraft:ender_pearl":3,"minecraft:leather":2,"iceandfire:tide_trident":2,"artifacts:night_vision_goggles":1,"minecraft:dark_oak_log":2,"artifacts:superstitious_hat":1,"born_in_chaos_v1:monster_skin":1,"minecraft:coast_armor_trim_smithing_template":4,"minecraft:cooked_cod":1,"usefulbackpacks:backpack_small":1,"minecraft:spyglass":1,"born_in_chaos_v1:ethereal_spirit":1,"minecraft:carrot":66,"born_in_chaos_v1:seedof_chaos":1,"minecraft:gunpowder":11,"minecraft:beetroot_seeds":1,"minecraft:melon_seeds":2,"born_in_chaos_v1:corpse_maggot":7,"born_in_chaos_v1:diamond_termite_shard":7,"minecraft:arrow":6,"minecraft:bread":40,"illagerinvasion:lost_candle":1,"minecraft:tropical_fish":14,"minecraft:acacia_log":2,"immersive_armors:warrior_leggings":2,"minecraft:grass_block":2,"minecraft:magenta_bed":1,"minecraft:iron_block":67,"minecraft:map":1,"tombstone:grave_dust":5,"minecraft:iron_leggings":1,"minecraft:flowering_azalea":2,"born_in_chaos_v1:staffof_magic_arrows":2,"minecraft:bucket":1,"minecraft:anvil":1,"minecraft:raw_iron":11,"iceandfire:troll_weapon_hammer":1,"minecraft:shield":1,"born_in_chaos_v1:spiny_shell":14,"minecraft:andesite":1,"minecraft:oak_sapling":12,"minecraft:slime_ball":20,"minecraft:raw_gold":8,"born_in_chaos_v1:bone_heart":4},"minecraft:broken":{"minecraft:iron_boots":2,"majruszsdifficulty:tattered_boots":1,"minecraft:iron_leggings":1,"minecraft:shield":1,"minecraft:iron_pickaxe":3,"minecraft:iron_helmet":3,"minecraft:iron_shovel":1,"minecraft:stone_pickaxe":1,"minecraft:stone_axe":1,"minecraft:stone_shovel":2,"iceandfire:armor_copper_metal_helmet":1,"immersive_armors:wooden_boots":1,"iceandfire:earplugs":1},"minecraft:used":{"minecraft:beetroot":1,"minecraft:moss_block":9,"minecraft:chest":21,"minecraft:stone":2,"minecraft:lily_of_the_valley":1,"minecraft:jungle_sapling":2,"minecraft:rabbit_stew":1,"minecraft:bow":20,"minecraft:furnace":6,"minecraft:oak_sapling":31,"minecraft:cooked_cod":12,"minecraft:egg":8,"minecraft:potato":133,"iceandfire:troll_weapon_hammer":11,"minecraft:diorite":18,"minecraft:damaged_anvil":4,"minecraft:acacia_trapdoor":5,"minecraft:wooden_pickaxe":16,"minecraft:clay":23,"minecraft:cookie":11,"minecraft:glow_berries":5,"minecraft:dark_oak_trapdoor":10,"minecraft:sand":39,"minecraft:pitcher_pod":1,"minecraft:blast_furnace":31,"illagerinvasion:lost_candle":23,"minecraft:lectern":1,"minecraft:spore_blossom":1,"minecraft:lilac":3,"minecraft:coal_block":1,"minecraft:birch_log":1,"minecraft:enchanting_table":5,"minecraft:iron_bars":3,"born_in_chaos_v1:smoked_fish":20,"minecraft:cooked_salmon":21,"minecraft:torch":245,"minecraft:anvil":6,"iceandfire:copper_sword":106,"minecraft:flowering_azalea":5,"minecraft:chipped_anvil":3,"minecraft:light_weighted_pressure_plate":1,"minecraft:smooth_basalt":2,"minecraft:bamboo":2,"born_in_chaos_v1:black_argillitepressureplate":4,"minecraft:raw_copper_block":1,"tombstone:gift":7,"minecraft:cobbled_deepslate":162,"minecraft:pointed_dripstone":2,"minecraft:calcite":3,"minecraft:wheat_seeds":206,"minecraft:water_bucket":96,"minecraft:bundle":1,"iceandfire:dragon_skull_lightning":1,"minecraft:salmon":2,"minecraft:mossy_cobblestone":8,"minecraft:orange_carpet":1,"minecraft:rail":2,"immersive_armors:steampunk_leggings":2,"minecraft:tnt":1,"minecraft:crafting_table":40,"disenchanting:disenchanter":2,"minecraft:white_bed":39,"minecraft:cod":1,"minecraft:oak_log":6,"minecraft:iron_pickaxe":1150,"minecraft:cobblestone":277,"illagerinvasion:platinum_infused_hatchet":2,"minecraft:kelp":27,"iceandfire:tide_trident":1,"minecraft:moss_carpet":13,"minecraft:iron_shovel":1,"minecraft:shield":63,"minecraft:iron_sword":202,"minecraft:iron_chestplate":1,"minecraft:jungle_planks":239,"minecraft:carrot":450,"minecraft:tuff":9,"minecraft:axolotl_bucket":1,"minecraft:big_dripleaf":5,"born_in_chaos_v1:corpse_maggot":5,"minecraft:bricks":2,"minecraft:lantern":12,"minecraft:iron_helmet":2,"minecraft:mossy_cobblestone_slab":2,"born_in_chaos_v1:gnawed_bones":4,"minecraft:stone_bricks":7,"minecraft:item_frame":2,"minecraft:stripped_acacia_log":9,"minecraft:stone_pickaxe":131,"minecraft:oak_planks":61,"minecraft:ender_pearl":1,"minecraft:sandstone":4,"minecraft:diamond_axe":397,"minecraft:sugar_cane":7,"minecraft:white_wool":2,"simplyswords:diamond_spear":705,"minecraft:bread":131,"minecraft:gravel":26,"born_in_chaos_v1:smoked_monster_flesh":3,"minecraft:torchflower_seeds":5,"iceandfire:dragon_skull_fire":4,"mca:cross_headstone":18,"minecraft:cooked_rabbit":8,"minecraft:andesite":15,"minecraft:bone_meal":76,"minecraft:azalea":7,"minecraft:oak_fence":8,"minecraft:rose_bush":2,"minecraft:tropical_fish":1,"minecraft:stone_shovel":282,"minecraft:spruce_planks":17,"born_in_chaos_v1:black_argillite":2,"minecraft:stone_hoe":72,"minecraft:oak_door":3,"minecraft:dirt":498,"minecraft:spyglass":41,"minecraft:spruce_stairs":1,"minecraft:spruce_fence":51,"minecraft:granite":36,"minecraft:wooden_axe":9,"minecraft:acacia_slab":4,"minecraft:iron_boots":2,"minecraft:iron_leggings":3,"born_in_chaos_v1:trident_hayfork":79,"minecraft:amethyst_block":7,"minecraft:cobblestone_stairs":1,"minecraft:baked_potato":67,"minecraft:terracotta":1,"minecraft:magenta_bed":7,"botania:red_mystical_flower":1,"minecraft:smoker":5,"tombstone:bag_of_seeds":4,"minecraft:flower_pot":5,"minecraft:map":1,"iceandfire:ash":4,"minecraft:stone_axe":221,"immersive_armors:wooden_boots":1,"minecraft:red_banner":2,"minecraft:bucket":98,"minecraft:yellow_bed":1},"minecraft:killed":{"illagerinvasion:archivist":1,"minecraft:cave_spider":49,"born_in_chaos_v1:zombie_lumberjack":3,"born_in_chaos_v1:restless_spirit":4,"born_in_chaos_v1:skeleton_demoman":2,"born_in_chaos_v1:siamese_skeletonsright":5,"born_in_chaos_v1:baby_skeleton_minion":10,"creeperoverhaul:dripstone_creeper":2,"minecraft:skeleton":42,"creeperoverhaul:jungle_creeper":1,"born_in_chaos_v1:skeleton_thrasher":2,"creeperoverhaul:cave_creeper":1,"minecraft:tropical_fish":1,"minecraft:zombie":77,"born_in_chaos_v1:corpse_fly":5,"born_in_chaos_v1:door_knight":4,"iceandfire:sea_serpent":2,"mca:female_zombie_villager":1,"minecraft:vindicator":1,"illagerinvasion:marauder":1,"born_in_chaos_v1:thornshell_crab":6,"iceandfire:siren":8,"minecraft:husk":1,"minecraft:rabbit":5,"majruszsdifficulty:cursed_armor":1,"born_in_chaos_v1:decrepit_skeleton":17,"born_in_chaos_v1:bloody_gadfly":1,"iceandfire:ghost":7,"born_in_chaos_v1:dark_vortex":3,"minecraft:enderman":14,"born_in_chaos_v1:zombie_clown":2,"minecraft:witch":2,"minecraft:spider":10,"born_in_chaos_v1:scarlet_persecutor":3,"creeperoverhaul:bamboo_creeper":2,"illagerinvasion:provoker":3,"artifacts:mimic":3,"born_in_chaos_v1:bonescaller":4,"minecraft:zombie_villager":5,"born_in_chaos_v1:diamond_termite":55,"born_in_chaos_v1:glutton_fish":2,"minecraft:creeper":8,"born_in_chaos_v1:zombie_fisherman":1,"born_in_chaos_v1:dread_hound":14,"minecraft:stray":2,"born_in_chaos_v1:siamese_skeletonsleft":5,"born_in_chaos_v1:missioner":1,"minecraft:slime":42,"born_in_chaos_v1:zombie_bruiser":5,"born_in_chaos_v1:maggot":26,"born_in_chaos_v1:corpse_fish":8,"iceandfire:deathworm":2,"born_in_chaos_v1:fallen_chaos_knight":5,"born_in_chaos_v1:baby_skeleton":6,"iceandfire:troll":2,"minecraft:bat":1,"born_in_chaos_v1:phantom_creeper_copy":2,"born_in_chaos_v1:decaying_zombie":3,"creeperoverhaul:ocean_creeper":1,"born_in_chaos_v1:nightmare_stalker":5}},"DataVersion":3465}