{"stats":{"minecraft:used":{"iceandfire:lectern":1,"minecraft:moss_block":9,"minecraft:beetroot":1,"minecraft:nether_brick_fence":4,"minecraft:writable_book":1,"iceandfire:dread_stone_stairs":10,"minecraft:chest":72,"minecraft:stone":2,"minecraft:soul_sand":15,"minecraft:lily_of_the_valley":1,"minecraft:snowball":7,"minecraft:jungle_sapling":11,"minecraft:lava_bucket":169,"minecraft:grass_block":5,"minecraft:birch_sapling":8,"minecraft:rabbit_stew":1,"minecraft:bow":179,"minecraft:sweet_berries":3,"minecraft:cooked_cod":16,"minecraft:furnace":9,"minecraft:oak_sapling":100,"minecraft:egg":64,"minecraft:potato":338,"minecraft:seagrass":15,"iceandfire:troll_weapon_hammer":12,"minecraft:damaged_anvil":4,"minecraft:diorite":54,"minecraft:acacia_trapdoor":5,"minecraft:wooden_pickaxe":16,"minecraft:composter":9,"iceandfire:dread_stone_bricks":85,"minecraft:clay":23,"minecraft:cookie":11,"minecraft:golden_apple":6,"minecraft:glow_berries":18,"minecraft:dark_oak_trapdoor":10,"minecraft:sand":39,"minecraft:pitcher_pod":1,"iceandfire:dragonforge_ice_input":1,"minecraft:blast_furnace":37,"illagerinvasion:lost_candle":23,"minecraft:pumpkin_seeds":8,"minecraft:spore_blossom":1,"minecraft:lectern":7,"minecraft:lilac":4,"minecraft:coal_block":1,"minecraft:smithing_table":2,"minecraft:poisonous_potato":1,"minecraft:birch_log":4,"iceandfire:dragon_bone_block":9,"iceandfire:fire_lily":1,"minecraft:iron_bars":16,"minecraft:enchanting_table":6,"iceandfire:dragonforge_ice_brick":16,"minecraft:carved_pumpkin":1,"born_in_chaos_v1:smoked_fish":20,"minecraft:cooked_salmon":21,"minecraft:orange_bed":5,"minecraft:torch":809,"minecraft:brewing_stand":3,"minecraft:anvil":12,"minecraft:target":3,"iceandfire:copper_sword":106,"minecraft:nether_brick_stairs":5,"minecraft:polished_diorite":22,"minecraft:flowering_azalea":7,"minecraft:chipped_anvil":4,"minecraft:iron_block":1,"minecraft:light_weighted_pressure_plate":3,"minecraft:bamboo":17,"simplytools:iron_hammer":1135,"minecraft:smooth_basalt":3,"born_in_chaos_v1:black_argillitepressureplate":4,"minecraft:glowstone":24,"minecraft:raw_copper_block":1,"simplytools:stone_excavator":1450,"tombstone:gift":9,"minecraft:cobbled_deepslate":228,"minecraft:pointed_dripstone":2,"minecraft:calcite":6,"minecraft:wheat_seeds":2048,"minecraft:water_bucket":189,"minecraft:birch_planks":1,"minecraft:bundle":3,"minecraft:cartography_table":3,"immersive_armors:slime_helmet":1,"minecraft:cauldron":1,"minecraft:fletching_table":1,"iceandfire:dragon_skull_lightning":3,"minecraft:salmon":4,"minecraft:vine":44,"minecraft:rail":2,"minecraft:orange_carpet":1,"minecraft:mossy_cobblestone":8,"minecraft:tnt":1,"immersive_armors:steampunk_leggings":3,"minecraft:crafting_table":59,"disenchanting:disenchanter":3,"minecraft:white_bed":110,"minecraft:cod":1,"minecraft:oak_log":132,"minecraft:diamond_pickaxe":525,"minecraft:diamond_shovel":235,"chococraft:gysahl_green_seeds":1,"minecraft:iron_pickaxe":1155,"minecraft:oak_button":2,"tombstone:magic_scroll":6,"minecraft:spruce_sapling":4,"minecraft:cobblestone":374,"minecraft:potion":2,"illagerinvasion:platinum_infused_hatchet":48,"simplytools:iron_excavator":799,"minecraft:kelp":27,"minecraft:candle":5,"minecraft:diamond_leggings":1,"minecraft:jukebox":1,"iceandfire:dread_stone_bricks_cracked":85,"iceandfire:tide_trident":3,"minecraft:moss_carpet":13,"minecraft:iron_shovel":1,"minecraft:diamond_hoe":125,"minecraft:shield":101,"minecraft:iron_sword":296,"minecraft:bell":2,"minecraft:iron_chestplate":1,"minecraft:jungle_planks":547,"minecraft:carrot":467,"minecraft:tuff":10,"minecraft:axolotl_bucket":1,"minecraft:big_dripleaf":5,"born_in_chaos_v1:corpse_maggot":13,"iceandfire:dread_torch":1,"minecraft:bricks":2,"minecraft:lantern":13,"minecraft:mossy_cobblestone_slab":2,"minecraft:iron_helmet":2,"born_in_chaos_v1:gnawed_bones":4,"minecraft:stone_bricks":627,"minecraft:item_frame":15,"iceandfire:earplugs":1,"minecraft:jungle_button":3,"minecraft:skeleton_skull":3,"minecraft:diamond_boots":3,"minecraft:torchflower":3,"minecraft:stripped_acacia_log":31,"minecraft:stone_pickaxe":131,"minecraft:oak_planks":577,"minecraft:birch_wood":4,"born_in_chaos_v1:hound_trap":7,"minecraft:ender_pearl":2,"minecraft:sandstone":8,"minecraft:sugar_cane":7,"minecraft:diamond_axe":980,"minecraft:white_wool":3,"majruszsdifficulty:tattered_helmet":1,"simplyswords:diamond_claymore":196,"simplyswords:diamond_spear":1533,"minecraft:stone_brick_wall":314,"minecraft:shears":59,"minecraft:lever":4,"minecraft:bread":134,"tombstone:grave_key":16,"born_in_chaos_v1:smoked_monster_flesh":3,"minecraft:iron_door":12,"minecraft:gravel":26,"minecraft:torchflower_seeds":5,"iceandfire:dragon_skull_fire":12,"mca:cross_headstone":29,"minecraft:grindstone":7,"minecraft:cooked_rabbit":8,"minecraft:andesite":18,"minecraft:bone_meal":1594,"minecraft:cobweb":12,"minecraft:oak_fence":20,"minecraft:azalea":7,"minecraft:rose_bush":2,"minecraft:tropical_fish":1,"minecraft:stone_shovel":282,"minecraft:spruce_planks":17,"born_in_chaos_v1:black_argillite":2,"minecraft:stone_hoe":72,"minecraft:cooked_chicken":34,"minecraft:oak_door":22,"minecraft:dirt":4226,"minecraft:spyglass":58,"minecraft:spruce_stairs":1,"minecraft:spruce_fence":51,"minecraft:granite":67,"minecraft:dark_oak_planks":34,"minecraft:wooden_axe":9,"minecraft:bookshelf":51,"minecraft:red_tulip":1,"minecraft:acacia_slab":5,"minecraft:iron_boots":4,"minecraft:soul_soil":9,"minecraft:pumpkin":2,"minecraft:iron_leggings":3,"born_in_chaos_v1:trident_hayfork":80,"minecraft:cooked_mutton":12,"minecraft:amethyst_block":7,"minecraft:cobblestone_stairs":1,"minecraft:snow_block":1,"minecraft:polished_andesite":27,"minecraft:baked_potato":542,"minecraft:red_nether_bricks":7,"minecraft:copper_block":4,"minecraft:terracotta":1,"minecraft:magenta_bed":7,"iceandfire:dread_stone_bricks_mossy":14,"botania:red_mystical_flower":1,"minecraft:smoker":9,"tombstone:bag_of_seeds":4,"minecraft:flower_pot":6,"minecraft:map":1,"minecraft:jungle_stairs":1,"iceandfire:ash":4,"minecraft:stone_axe":221,"immersive_armors:wooden_boots":1,"minecraft:jungle_door":10,"minecraft:red_banner":2,"minecraft:bucket":360,"minecraft:pumpkin_pie":107,"minecraft:yellow_bed":6,"minecraft:peony":1},"minecraft:killed":{"illagerinvasion:archivist":1,"minecraft:cave_spider":51,"born_in_chaos_v1:restless_spirit":9,"born_in_chaos_v1:zombie_lumberjack":6,"born_in_chaos_v1:skeleton_demoman":2,"born_in_chaos_v1:siamese_skeletonsright":6,"creeperoverhaul:dripstone_creeper":2,"born_in_chaos_v1:baby_skeleton_minion":10,"minecraft:skeleton":69,"creeperoverhaul:jungle_creeper":2,"born_in_chaos_v1:skeleton_thrasher":3,"majruszsdifficulty:creeperling":4,"creeperoverhaul:cave_creeper":1,"iceandfire:dread_scuttler":3,"minecraft:tropical_fish":1,"minecraft:magma_cube":10,"minecraft:pillager":5,"minecraft:zombie":139,"born_in_chaos_v1:corpse_fly":11,"iceandfire:dread_ghoul":10,"born_in_chaos_v1:door_knight":5,"iceandfire:sea_serpent":3,"minecraft:cow":1,"mca:female_zombie_villager":2,"minecraft:vindicator":2,"illagerinvasion:marauder":4,"iceandfire:dread_beast":4,"born_in_chaos_v1:thornshell_crab":7,"creeperoverhaul:snowy_creeper":1,"born_in_chaos_v1:dire_hound_leader":1,"iceandfire:dread_knight":9,"iceandfire:siren":8,"iceandfire:hippocampus":1,"minecraft:husk":7,"iceandfire:cyclops":2,"minecraft:rabbit":6,"majruszsdifficulty:cursed_armor":1,"born_in_chaos_v1:decrepit_skeleton":19,"born_in_chaos_v1:bloody_gadfly":1,"iceandfire:ghost":12,"born_in_chaos_v1:dark_vortex":4,"minecraft:enderman":17,"born_in_chaos_v1:zombie_clown":2,"minecraft:witch":2,"minecraft:spider":23,"born_in_chaos_v1:scarlet_persecutor":3,"creeperoverhaul:bamboo_creeper":33,"illagerinvasion:provoker":3,"minecraft:illusioner":1,"minecraft:turtle":8,"artifacts:mimic":6,"born_in_chaos_v1:bonescaller":5,"minecraft:zombie_villager":5,"born_in_chaos_v1:diamond_termite":68,"born_in_chaos_v1:glutton_fish":2,"minecraft:creeper":11,"born_in_chaos_v1:zombie_fisherman":2,"born_in_chaos_v1:dread_hound":24,"illagerinvasion:sorcerer":1,"minecraft:stray":9,"minecraft:ghast":1,"iceandfire:pixie":10,"born_in_chaos_v1:siamese_skeletonsleft":6,"minecraft:blaze":24,"born_in_chaos_v1:missioner":1,"minecraft:slime":42,"born_in_chaos_v1:zombie_bruiser":6,"born_in_chaos_v1:maggot":55,"iceandfire:dread_thrall":5,"born_in_chaos_v1:corpse_fish":12,"iceandfire:deathworm":2,"born_in_chaos_v1:siamese_skeletons":1,"born_in_chaos_v1:fallen_chaos_knight":5,"born_in_chaos_v1:baby_skeleton":8,"born_in_chaos_v1:swarmer":1,"iceandfire:troll":2,"minecraft:bat":1,"born_in_chaos_v1:phantom_creeper_copy":2,"born_in_chaos_v1:decaying_zombie":5,"creeperoverhaul:ocean_creeper":1,"born_in_chaos_v1:nightmare_stalker":5,"minecraft:wither_skeleton":16},"minecraft:broken":{"immersive_armors:slime_chestplate":1,"majruszsdifficulty:tattered_boots":1,"minecraft:iron_boots":4,"majruszsdifficulty:tattered_leggings":1,"minecraft:iron_chestplate":1,"minecraft:iron_leggings":3,"immersive_armors:slime_leggings":1,"immersive_armors:steampunk_chestplate":1,"minecraft:shield":2,"minecraft:iron_pickaxe":3,"minecraft:iron_helmet":5,"minecraft:iron_shovel":1,"illagerinvasion:platinum_infused_hatchet":1,"immersive_armors:slime_helmet":1,"minecraft:stone_pickaxe":1,"immersive_armors:steampunk_leggings":1,"minecraft:stone_axe":1,"immersive_armors:slime_boots":1,"minecraft:stone_shovel":2,"iceandfire:armor_copper_metal_helmet":1,"simplyswords:diamond_spear":1,"immersive_armors:wooden_boots":1,"minecraft:diamond_axe":1,"iceandfire:earplugs":2},"minecraft:dropped":{"minecraft:iron_sword":2,"minecraft:porkchop":1,"minecraft:glow_ink_sac":3,"minecraft:diamond":10,"minecraft:crafting_table":1,"minecraft:pitcher_pod":3,"born_in_chaos_v1:pieceofdarkmetal":6,"minecraft:emerald":8,"born_in_chaos_v1:monster_flesh":2,"minecraft:dirt":66,"mca:blueprint":2,"iceandfire:dread_stone_bricks":1,"minecraft:jungle_sapling":1,"born_in_chaos_v1:trident_hayfork":2,"minecraft:sand":16,"majruszsdifficulty:tattered_leggings":1,"minecraft:fishing_rod":1,"botania:white_mystical_flower":12,"minecraft:white_wool":38,"minecraft:bone":27,"usefulbackpacks:backpack_large":2,"minecraft:stone_axe":1,"minecraft:emerald_block":3,"artifacts:power_glove":1,"minecraft:cooked_chicken":566,"minecraft:golden_chestplate":2,"minecraft:cobbled_deepslate":7,"minecraft:obsidian":13,"minecraft:rotten_flesh":3,"minecraft:oak_planks":6,"minecraft:white_bed":3,"minecraft:salmon":2,"ringsofascension:ring_mining":1,"minecraft:tipped_arrow":2,"botania:light_gray_mystical_flower":1,"minecraft:enchanted_book":5,"born_in_chaos_v1:intoxicating_decoction":2,"minecraft:wheat_seeds":26,"ringsofascension:ring_steadfast_steps":3,"tombstone:tablet_of_guard":1,"minecraft:iron_helmet":1,"minecraft:cobblestone":112,"minecraft:book":14,"minecraft:apple":25,"minecraft:granite":5,"immersive_armors:warrior_chestplate":1,"minecraft:coal_block":20,"minecraft:golden_apple":14,"minecraft:pufferfish":1,"born_in_chaos_v1:gnawed_bones":4,"minecraft:diamond_helmet":1,"minecraft:iron_shovel":2,"minecraft:chainmail_leggings":1,"minecraft:string":5,"minecraft:snow_block":10,"minecraft:moss_carpet":1,"born_in_chaos_v1:rotten_fish":3,"minecraft:stone_shovel":2,"minecraft:clay_ball":4,"minecraft:damaged_anvil":1,"minecraft:diamond_sword":7,"minecraft:potato":65,"minecraft:bundle":1,"minecraft:diamond_pickaxe":2,"minecraft:yellow_bed":2,"minecraft:spider_eye":5,"minecraft:bamboo":1,"minecraft:bow":2,"minecraft:moss_block":1,"minecraft:brown_mushroom":2,"minecraft:diamond_axe":2,"minecraft:oak_log":2,"minecraft:baked_potato":129,"minecraft:ender_pearl":26,"majruszsdifficulty:tattered_helmet":1,"minecraft:leather":40,"iceandfire:tide_trident":2,"minecraft:jungle_planks":5,"minecraft:flint":2,"artifacts:night_vision_goggles":3,"minecraft:dark_oak_log":2,"artifacts:superstitious_hat":1,"born_in_chaos_v1:monster_skin":1,"minecraft:mutton":2,"minecraft:coast_armor_trim_smithing_template":4,"minecraft:cooked_cod":1,"majruszsdifficulty:tattered_boots":1,"minecraft:snowball":14,"usefulbackpacks:backpack_small":1,"minecraft:gold_ingot":1,"minecraft:gravel":2,"minecraft:spyglass":2,"born_in_chaos_v1:ethereal_spirit":1,"minecraft:diamond_shovel":5,"minecraft:carrot":66,"born_in_chaos_v1:seedof_chaos":1,"minecraft:gunpowder":11,"minecraft:beetroot_seeds":1,"minecraft:melon_seeds":2,"born_in_chaos_v1:corpse_maggot":7,"born_in_chaos_v1:diamond_termite_shard":7,"minecraft:arrow":228,"minecraft:polished_granite":128,"minecraft:bread":40,"illagerinvasion:lost_candle":1,"minecraft:diamond_leggings":1,"iceandfire:cyclops_eye":1,"minecraft:tropical_fish":14,"minecraft:acacia_log":2,"immersive_armors:warrior_leggings":2,"minecraft:grass_block":2,"minecraft:stick":8,"minecraft:magenta_bed":1,"ringsofascension:ring_knockback_resistance":1,"minecraft:iron_block":67,"minecraft:diorite":7,"minecraft:torch":126,"minecraft:map":1,"tombstone:grave_dust":5,"minecraft:iron_leggings":2,"minecraft:flowering_azalea":2,"born_in_chaos_v1:staffof_magic_arrows":3,"minecraft:bucket":1,"minecraft:anvil":1,"simplytools:iron_excavator":3,"chococraft:chocobo_feather":1,"simplytools:stone_excavator":2,"minecraft:tuff":6,"minecraft:raw_iron":11,"minecraft:filled_map":1,"iceandfire:troll_weapon_hammer":3,"minecraft:shield":2,"minecraft:diamond_chestplate":1,"born_in_chaos_v1:spiny_shell":14,"minecraft:andesite":4,"minecraft:oak_sapling":12,"minecraft:diamond_boots":1,"minecraft:slime_ball":20,"minecraft:stone_pickaxe":1,"minecraft:raw_gold":8,"born_in_chaos_v1:bone_heart":4},"minecraft:killed_by":{"minecraft:zombie_villager":1,"minecraft:zombie":1,"cave_dweller:cave_dweller":3,"iceandfire:dread_ghoul":1,"minecraft:spider":2,"iceandfire:dread_knight":1},"minecraft:crafted":{"minecraft:jungle_button":3,"minecraft:smooth_stone":9,"minecraft:lever":2,"minecraft:diamond_shovel":1,"minecraft:bookshelf":51,"minecraft:cooked_mutton":13,"minecraft:diamond_helmet":5,"minecraft:diamond_leggings":5,"minecraft:iron_door":3,"immersive_armors:slime_leggings":1,"minecraft:cooked_rabbit":8,"minecraft:emerald":419,"minecraft:diamond_axe":3,"minecraft:copper_ingot":9,"minecraft:fletching_table":1,"minecraft:oak_wood":3,"mca:cross_headstone":29,"iceandfire:earplugs":2,"minecraft:cartography_table":1,"simplytools:iron_hammer":5,"minecraft:stone_slab":6,"usefulbackpacks:backpack_large":2,"minecraft:iron_pickaxe":4,"minecraft:iron_block":70,"minecraft:sandstone":8,"minecraft:gold_ingot":454,"immersive_armors:slime_helmet":1,"minecraft:saddle":2,"minecraft:stone_shovel":4,"minecraft:jukebox":1,"born_in_chaos_v1:black_argillitepressureplate":4,"minecraft:spyglass":2,"mca:bouquet":2,"iceandfire:dragon_flute":1,"minecraft:bone_meal":2106,"born_in_chaos_v1:smoked_monster_flesh":3,"simplytools:iron_excavator":4,"minecraft:diamond":24,"minecraft:polished_diorite":64,"minecraft:ender_pearl":36,"minecraft:stone_pickaxe":2,"iceandfire:siren_flute":1,"minecraft:diamond_boots":5,"simplytools:stone_excavator_head":8,"minecraft:dark_oak_planks":60,"mca:whistle":1,"minecraft:wheat":171,"minecraft:coal_block":34,"mca:engagement_ring":1,"simplytools:iron_excavator_head":3,"minecraft:enchanting_table":3,"minecraft:polished_granite":64,"minecraft:glowstone":24,"minecraft:golden_apple":11,"minecraft:wooden_axe":1,"minecraft:iron_leggings":10,"minecraft:white_bed":36,"minecraft:grindstone":2,"minecraft:oak_planks":2072,"minecraft:birch_wood":3,"minecraft:cooked_chicken":640,"simplytools:iron_hammer_head":3,"usefulbackpacks:backpack_small":2,"iceandfire:lectern":1,"minecraft:stone":852,"born_in_chaos_v1:hound_trap":1,"minecraft:heavy_weighted_pressure_plate":1,"minecraft:bow":5,"minecraft:iron_boots":8,"tombstone:grave_key":3,"minecraft:chest":42,"minecraft:oak_button":2,"minecraft:stone_hoe":1,"minecraft:stone_bricks":840,"minecraft:oak_fence":96,"majruszsdifficulty:tattered_helmet":2,"born_in_chaos_v1:pileof_dark_metal":4,"minecraft:smoker":5,"minecraft:item_frame":2,"minecraft:arrow":672,"minecraft:cauldron":1,"born_in_chaos_v1:smoked_fish":20,"minecraft:crafting_table":35,"minecraft:spruce_planks":76,"minecraft:iron_helmet":4,"minecraft:wooden_pickaxe":2,"minecraft:baked_potato":1163,"minecraft:pumpkin_seeds":8,"minecraft:gold_block":44,"minecraft:birch_planks":160,"illagerinvasion:platinum_infused_hatchet":1,"minecraft:iron_chestplate":5,"minecraft:diamond_pickaxe":1,"minecraft:charcoal":81,"minecraft:emerald_block":10,"minecraft:shield":1,"minecraft:stick":1954,"minecraft:light_weighted_pressure_plate":1,"minecraft:iron_ingot":1063,"disenchanting:disenchanter":2,"minecraft:snow_block":11,"xpbook:xp_tome":2,"minecraft:shears":1,"minecraft:polished_andesite":28,"minecraft:cherry_planks":12,"minecraft:oak_door":9,"mca:blueprint":1,"minecraft:raw_iron":90,"minecraft:coal":306,"minecraft:stone_brick_wall":318,"simplytools:stone_excavator":14,"minecraft:furnace":10,"minecraft:blast_furnace":3,"minecraft:diamond_block":6,"minecraft:leather":26,"botania:flower_bag":1,"usefulbackpacks:backpack_medium":2,"born_in_chaos_v1:trident_hayfork":1,"iceandfire:dragon_bone_block":8,"minecraft:cooked_cod":10,"minecraft:bone_block":67,"minecraft:diamond_sword":16,"minecraft:iron_sword":9,"immersive_armors:slime_boots":1,"minecraft:cooked_salmon":4,"born_in_chaos_v1:bone_heart":17,"minecraft:stone_axe":5,"minecraft:air":0,"minecraft:bread":96,"minecraft:jungle_planks":480,"minecraft:blue_dye":4,"minecraft:jungle_door":3,"iceandfire:bestiary":1,"minecraft:white_wool":106,"botania:magenta_petal":2,"minecraft:anvil":1,"minecraft:pumpkin_pie":144,"minecraft:acacia_planks":32,"minecraft:torch":700,"mca:wedding_ring":1,"minecraft:clay":23,"minecraft:lapis_lazuli":12,"minecraft:diamond_chestplate":5},"minecraft:mined":{"minecraft:dark_oak_planks":18,"minecraft:white_bed":76,"iceandfire:dread_torch":1,"botania:red_mystical_flower":20,"minecraft:jungle_leaves":6,"minecraft:red_nether_bricks":7,"minecraft:carved_pumpkin":3,"minecraft:obsidian":1,"minecraft:granite":175,"minecraft:stone_brick_wall":10,"minecraft:coal_block":1,"botania:light_gray_mystical_flower":2,"minecraft:nether_wart":19,"minecraft:spawner":7,"minecraft:tall_seagrass":1,"botania:purple_mystical_flower":11,"minecraft:dark_oak_trapdoor":25,"minecraft:cobbled_deepslate":18,"minecraft:fire":305,"minecraft:pumpkin":4,"minecraft:moss_carpet":2,"minecraft:deepslate_lapis_ore":2,"minecraft:nether_brick_stairs":5,"minecraft:enchanting_table":5,"minecraft:cave_vines":51,"iceandfire:gold_pile":112,"minecraft:dirt_path":5,"illagerinvasion:magic_fire":15,"botania:brown_mystical_flower":13,"iceandfire:dread_stone_bricks_cracked":90,"minecraft:iron_block":1,"botania:light_blue_mystical_flower":2,"minecraft:orange_bed":5,"minecraft:jungle_trapdoor":6,"botania:green_mystical_flower":4,"minecraft:brown_mushroom":1,"minecraft:smoker":4,"minecraft:soul_fire":13,"minecraft:amethyst_cluster":3,"born_in_chaos_v1:infected_deepslate_diamond_ore":17,"minecraft:torch":67,"minecraft:blast_furnace":36,"botania:brown_mushroom":4,"minecraft:cyan_bed":1,"minecraft:damaged_anvil":4,"minecraft:sugar_cane":2,"minecraft:bricks":2,"minecraft:amethyst_block":7,"mca:cross_headstone":1,"minecraft:cyan_wool":15,"minecraft:wheat":117,"minecraft:magenta_bed":7,"minecraft:lilac":4,"minecraft:pitcher_plant":1,"minecraft:copper_block":4,"iceandfire:dragonforge_ice_input":3,"minecraft:grass":409,"minecraft:smooth_basalt":3,"minecraft:deepslate":179,"minecraft:mossy_cobblestone":8,"minecraft:nether_bricks":3,"minecraft:spruce_fence":84,"born_in_chaos_v1:closed_hound_trap":4,"minecraft:jungle_planks":185,"born_in_chaos_v1:black_argillite":7,"botania:cyan_double_flower":1,"minecraft:kelp":1,"minecraft:moss_block":8,"minecraft:cartography_table":2,"botania:magenta_mystical_flower":1,"minecraft:acacia_trapdoor":8,"minecraft:jungle_sapling":3,"minecraft:snow":72,"minecraft:suspicious_sand":1,"minecraft:andesite":55,"minecraft:potatoes":123,"minecraft:vine":61,"minecraft:rail":1,"minecraft:bamboo_sapling":4,"minecraft:bamboo":12,"minecraft:smithing_table":2,"botania:lime_mystical_flower":9,"minecraft:soul_sand":9,"minecraft:potted_lily_of_the_valley":1,"minecraft:emerald_ore":33,"iceandfire:dread_stone_stairs":10,"minecraft:campfire":1,"minecraft:copper_ore":11,"minecraft:tall_grass":23,"minecraft:deepslate_gold_ore":48,"minecraft:diorite":191,"minecraft:trapped_chest":1,"minecraft:torchflower":10,"minecraft:spruce_log":13,"minecraft:birch_leaves":3,"botania:white_mystical_flower":18,"minecraft:gravel":49,"minecraft:cobweb":227,"minecraft:stone_bricks":177,"minecraft:gold_ore":28,"minecraft:chipped_anvil":4,"minecraft:fern":121,"minecraft:large_amethyst_bud":3,"minecraft:spruce_planks":58,"minecraft:oak_sapling":4,"minecraft:farmland":37,"minecraft:cobblestone_stairs":1,"minecraft:brewing_stand":4,"minecraft:budding_amethyst":1,"minecraft:grass_block":2862,"iceandfire:dread_spawner":30,"minecraft:soul_soil":9,"minecraft:polished_diorite":1,"minecraft:composter":9,"minecraft:smooth_stone":7,"minecraft:raw_iron_block":1,"minecraft:mossy_cobblestone_slab":2,"minecraft:iron_ore":234,"botania:lime_double_flower":3,"minecraft:target":3,"minecraft:anvil":13,"chococraft:gysahl_green":9,"minecraft:iron_bars":16,"minecraft:potted_cornflower":6,"minecraft:azalea":1,"minecraft:spruce_slab":52,"botania:orange_mystical_flower":10,"minecraft:jungle_door":4,"minecraft:medium_amethyst_bud":1,"minecraft:clay":16,"minecraft:jungle_stairs":3,"minecraft:calcite":6,"minecraft:poppy":5,"minecraft:chest":28,"iceandfire:fire_lily":1,"minecraft:cobblestone":54,"minecraft:birch_wood":1,"botania:blue_mystical_flower":5,"minecraft:grindstone":5,"minecraft:oak_planks":81,"minecraft:iron_door":6,"minecraft:wall_torch":82,"botania:blue_mushroom":3,"minecraft:seagrass":16,"minecraft:light_weighted_pressure_plate":1,"minecraft:birch_log":1,"minecraft:tnt":3,"iceandfire:dread_stone_bricks_mossy":15,"minecraft:oak_log":85,"minecraft:beetroots":8,"minecraft:acacia_fence":10,"botania:gray_double_flower":1,"minecraft:sand":170,"minecraft:dirt":976,"minecraft:raw_copper_block":1,"minecraft:potted_red_tulip":2,"iceandfire:dread_stone_bricks":110,"minecraft:oak_leaves":80,"minecraft:diamond_ore":1,"minecraft:crying_obsidian":7,"minecraft:tuff":1,"minecraft:candle":2,"disenchanting:disenchanter":1,"minecraft:dark_oak_leaves":3,"minecraft:deepslate_diamond_ore":21,"minecraft:oak_door":5,"born_in_chaos_v1:infected_diamond_ore":3,"minecraft:lever":2,"botania:brown_double_flower":2,"born_in_chaos_v1:hound_trap":3,"minecraft:spruce_leaves":36,"minecraft:acacia_slab":48,"iceandfire:dragonforge_ice_brick":22,"minecraft:sandstone":25,"minecraft:cracked_nether_bricks":2,"minecraft:large_fern":2,"minecraft:hay_block":19,"minecraft:spore_blossom":1,"minecraft:furnace":6,"minecraft:carrots":40,"minecraft:acacia_stairs":21,"iceandfire:dragon_bone_block":13,"minecraft:peony":1,"minecraft:bell":2,"minecraft:nether_brick_fence":4,"minecraft:bookshelf":108,"minecraft:deepslate_iron_ore":82,"minecraft:lantern":6,"minecraft:stripped_acacia_log":129,"minecraft:packed_ice":9,"botania:light_blue_double_flower":1,"minecraft:stone":1602,"minecraft:polished_granite":1,"minecraft:oak_fence":20,"minecraft:crafting_table":23,"minecraft:lectern":8,"minecraft:lapis_ore":6,"botania:pink_mystical_flower":13,"minecraft:spruce_stairs":1,"botania:cyan_mystical_flower":9,"minecraft:birch_planks":1,"botania:red_double_flower":3,"minecraft:ice":16,"iceandfire:ash":1,"minecraft:yellow_bed":7,"botania:yellow_mystical_flower":5,"minecraft:coal_ore":450,"minecraft:flower_pot":2,"minecraft:terracotta":1,"minecraft:polished_andesite":14,"minecraft:small_dripleaf":1},"minecraft:picked_up":{"iceandfire:dread_stone_bricks":111,"minecraft:seagrass":15,"minecraft:chainmail_boots":1,"minecraft:flower_pot":12,"minecraft:anvil":14,"minecraft:prismarine_shard":15,"minecraft:smithing_table":2,"minecraft:diamond_sword":2,"minecraft:enchanted_book":20,"minecraft:brewing_stand":4,"minecraft:amethyst_block":7,"iceandfire:manuscript":4,"minecraft:string":373,"minecraft:dark_oak_trapdoor":24,"minecraft:soul_soil":9,"minecraft:cooked_salmon":15,"minecraft:red_nether_bricks":7,"minecraft:pufferfish":1,"mca:blueprint":2,"minecraft:beetroot":32,"illagerinvasion:platinum_infused_hatchet":3,"minecraft:gold_nugget":1195,"minecraft:cobbled_deepslate":237,"minecraft:spruce_planks":84,"iceandfire:dragonforge_ice_brick":22,"minecraft:coal_block":21,"born_in_chaos_v1:shattered_skull":9,"minecraft:composter":9,"minecraft:big_dripleaf":5,"minecraft:acacia_log":2,"iceandfire:dread_torch":1,"born_in_chaos_v1:pileof_dark_metal":1,"minecraft:cherry_log":3,"minecraft:golden_chestplate":2,"minecraft:rabbit_foot":1,"minecraft:chiseled_nether_bricks":1,"botania:white_mystical_flower":12,"minecraft:orange_bed":5,"minecraft:stone_sword":2,"minecraft:tropical_fish":17,"artifacts:villager_hat":1,"minecraft:blue_dye":3,"minecraft:red_tulip":3,"iceandfire:fire_dragon_heart":1,"minecraft:iron_block":67,"minecraft:carved_pumpkin":3,"minecraft:blaze_rod":18,"minecraft:iron_bars":16,"minecraft:snowball":72,"minecraft:birch_log":111,"born_in_chaos_v1:staffof_magic_arrows":4,"minecraft:mossy_cobblestone_slab":2,"minecraft:feather":6,"minecraft:iron_door":11,"minecraft:jungle_log":128,"minecraft:copper_block":4,"minecraft:smoker":4,"minecraft:flint":16,"minecraft:magenta_bed":8,"minecraft:map":2,"minecraft:lantern":36,"born_in_chaos_v1:marigolds":3,"minecraft:chipped_anvil":4,"minecraft:rabbit":10,"minecraft:glowstone_dust":2,"minecraft:moss_block":10,"minecraft:pitcher_pod":4,"botania:red_mystical_flower":1,"patchouli:guide_book":3,"iceandfire:dragon_skull_fire":14,"iceandfire:shiny_scales":37,"minecraft:ink_sac":3,"iceandfire:lightning_dragon_heart":1,"minecraft:acacia_stairs":23,"minecraft:trapped_chest":2,"minecraft:dark_oak_log":33,"minecraft:barrel":1,"minecraft:bundle":14,"minecraft:stripped_acacia_log":167,"minecraft:polished_andesite":14,"minecraft:lever":2,"minecraft:writable_book":1,"minecraft:granite":181,"minecraft:bread":8,"iceandfire:troll_leather_forest":6,"born_in_chaos_v1:rotten_fish":43,"minecraft:light_gray_carpet":5,"minecraft:bricks":2,"botania:brown_mushroom":3,"minecraft:diamond_pickaxe":2,"iceandfire:siren_tear":1,"iceandfire:dragon_skull_lightning":5,"minecraft:crafting_table":25,"iceandfire:witherbone":5,"born_in_chaos_v1:smoked_monster_flesh":5,"minecraft:nether_wart":25,"minecraft:clay_ball":105,"born_in_chaos_v1:seedof_chaos":8,"tombstone:scroll_of_preservation":1,"iceandfire:sea_serpent_scales_blue":11,"minecraft:cornflower":6,"minecraft:jungle_trapdoor":12,"artifacts:power_glove":1,"born_in_chaos_v1:intoxicating_decoction":5,"minecraft:iron_shovel":3,"minecraft:cartography_table":2,"usefulbackpacks:backpack_small":1,"minecraft:beef":6,"iceandfire:dread_knight_sword":1,"iceandfire:dread_shard":177,"minecraft:cyan_wool":15,"minecraft:spruce_slab":77,"born_in_chaos_v1:gnawed_bones":10,"minecraft:poppy":5,"minecraft:jungle_sapling":14,"minecraft:iron_nugget":7,"minecraft:chest":30,"minecraft:birch_sapling":19,"minecraft:raw_copper_block":1,"minecraft:egg":64,"minecraft:sandstone":25,"minecraft:stone":2,"minecraft:oak_door":15,"minecraft:spruce_fence":92,"iceandfire:deathworm_chitin_white":16,"born_in_chaos_v1:pieceofdarkmetal":41,"minecraft:carrot":1124,"minecraft:redstone":4,"minecraft:prismarine_crystals":33,"iceandfire:dragon_skull_ice":5,"minecraft:tnt":2,"born_in_chaos_v1:charmof_fury":1,"minecraft:stone_shovel":1,"minecraft:beetroot_seeds":84,"born_in_chaos_v1:wood_splitter_axe":3,"minecraft:peony":1,"minecraft:shears":1,"minecraft:hay_block":19,"immersive_armors:warrior_chestplate":1,"born_in_chaos_v1:spiny_shell":37,"tombstone:essence_of_undeath":2,"minecraft:gold_ingot":22,"minecraft:glow_berries":24,"minecraft:mutton":36,"minecraft:white_wool":86,"minecraft:bone_block":2,"minecraft:rail":2,"iceandfire:sea_serpent_fang":17,"born_in_chaos_v1:monster_flesh":40,"minecraft:tripwire_hook":1,"majruszsdifficulty:tattered_helmet":3,"minecraft:red_mushroom":1,"minecraft:torchflower":10,"minecraft:oak_log":662,"minecraft:paper":7,"minecraft:white_banner":1,"chococraft:chocobo_feather":8,"chococraft:gysahl_green":47,"minecraft:apple":43,"minecraft:stone_bricks":183,"minecraft:kelp":27,"majruszsdifficulty:tattered_leggings":4,"minecraft:spore_blossom":1,"minecraft:stone_pickaxe":2,"iceandfire:dread_stone_stairs":10,"tombstone:bag_of_seeds":8,"minecraft:glass_bottle":1,"minecraft:iron_sword":9,"minecraft:flowering_azalea":9,"minecraft:smooth_basalt":3,"iceandfire:dragonbone_sword":1,"born_in_chaos_v1:ethereal_spirit":36,"minecraft:cracked_nether_bricks":2,"minecraft:spyglass":3,"minecraft:gravel":62,"born_in_chaos_v1:fangofthe_hound_leader":3,"minecraft:spruce_sapling":15,"simplytools:iron_excavator":3,"minecraft:spruce_log":40,"minecraft:crying_obsidian":7,"illagerinvasion:illusionary_dust":1,"minecraft:diamond_shovel":5,"minecraft:slime_ball":66,"minecraft:polished_diorite":1,"minecraft:diamond_axe":2,"iceandfire:dragonforge_ice_input":3,"minecraft:baked_potato":155,"minecraft:melon_seeds":6,"immersive_armors:wooden_boots":2,"minecraft:ender_pearl":62,"iceandfire:deathworm_egg":1,"minecraft:wheat":821,"chococraft:loverly_gysahl_green":1,"minecraft:black_carpet":1,"illagerinvasion:platinum_chunk":5,"iceandfire:troll_weapon_hammer":3,"minecraft:nether_brick_fence":4,"botania:blue_mushroom":3,"iceandfire:armor_copper_metal_chestplate":1,"minecraft:potion":2,"born_in_chaos_v1:black_argillite":6,"minecraft:raw_copper":79,"minecraft:sticky_piston":2,"simplytools:stone_excavator":1,"minecraft:smooth_stone":7,"minecraft:bucket":2,"minecraft:light_weighted_pressure_plate":2,"minecraft:rose_bush":2,"minecraft:calcite":6,"minecraft:azalea":7,"minecraft:iron_pickaxe":2,"minecraft:furnace":7,"minecraft:tipped_arrow":15,"iceandfire:pixie_dust":9,"minecraft:stick":176,"minecraft:jungle_door":7,"minecraft:acacia_fence":11,"minecraft:oak_fence":20,"born_in_chaos_v1:phantom_powder":4,"minecraft:torch":249,"minecraft:spruce_stairs":1,"minecraft:porkchop":1,"minecraft:target":3,"iceandfire:rotten_egg":3,"iceandfire:lightning_dragon_blood":2,"minecraft:pointed_dripstone":6,"tombstone:grave_dust":77,"minecraft:diorite":191,"born_in_chaos_v1:nightmare_claw":5,"disenchanting:disenchanter":1,"minecraft:vine":55,"minecraft:rotten_flesh":520,"botania:light_gray_mystical_flower":1,"born_in_chaos_v1:sea_terror_eye":4,"minecraft:obsidian":34,"minecraft:cod":5,"minecraft:cobblestone":1837,"minecraft:enchanting_table":6,"minecraft:lilac":4,"minecraft:magma_cream":2,"minecraft:andesite":56,"minecraft:orange_carpet":1,"minecraft:potato":1788,"minecraft:tuff":19,"minecraft:wither_skeleton_skull":1,"minecraft:lapis_lazuli":52,"minecraft:dirt":4575,"minecraft:polished_granite":129,"minecraft:name_tag":3,"born_in_chaos_v1:monster_skin":26,"minecraft:bone":455,"minecraft:bow":9,"minecraft:wheat_seeds":2450,"minecraft:raw_gold":86,"minecraft:bell":2,"minecraft:birch_wood":1,"minecraft:grindstone":5,"minecraft:fletching_table":1,"minecraft:bamboo":195,"minecraft:oak_planks":111,"minecraft:ghast_tear":2,"minecraft:poisonous_potato":13,"minecraft:sand":204,"minecraft:jungle_planks":242,"minecraft:nether_brick_stairs":5,"minecraft:grass_block":7,"minecraft:cyan_bed":1,"minecraft:lily_of_the_valley":1,"minecraft:mossy_cobblestone":8,"artifacts:plastic_drinking_hat":1,"minecraft:jungle_leaves":4,"iceandfire:dragon_bone_block":13,"artifacts:golden_hook":1,"minecraft:diamond":30,"iceandfire:fire_dragon_blood":2,"iceandfire:dread_stone_bricks_mossy":14,"minecraft:bone_meal":99,"minecraft:golden_apple":11,"minecraft:emerald":61,"simplyswords:gold_twinblade":1,"minecraft:oak_sapling":201,"iceandfire:tide_trident":3,"born_in_chaos_v1:sea_terror_stomach":2,"minecraft:cocoa_beans":12,"minecraft:fishing_rod":1,"majruszsdifficulty:tattered_boots":3,"minecraft:charcoal":2,"born_in_chaos_v1:diamond_termite_shard":69,"artifacts:night_vision_goggles":1,"minecraft:chicken":2,"minecraft:ladder":2,"iceandfire:fire_lily":1,"minecraft:brown_mushroom":3,"minecraft:stone_brick_wall":10,"minecraft:shield":6,"minecraft:moss_carpet":14,"illagerinvasion:unusual_dust":1,"minecraft:item_frame":13,"botania:magenta_mystical_flower":1,"minecraft:cyan_carpet":2,"minecraft:blue_orchid":1,"minecraft:candle":9,"minecraft:lectern":8,"minecraft:sugar_cane":7,"born_in_chaos_v1:hound_trap":7,"minecraft:dark_oak_sapling":1,"illagerinvasion:lost_candle":2,"minecraft:raw_iron":331,"iceandfire:dragonbone":76,"minecraft:copper_ingot":17,"artifacts:vampiric_glove":1,"born_in_chaos_v1:charmof_endurance":1,"minecraft:dark_oak_planks":22,"artifacts:snorkel":1,"minecraft:jungle_stairs":5,"minecraft:arrow":213,"iceandfire:sea_serpent_scales_purple":3,"iceandfire:cyclops_eye":5,"minecraft:pumpkin_pie":35,"minecraft:nether_bricks":3,"artifacts:cross_necklace":1,"born_in_chaos_v1:trident_hayfork":4,"minecraft:skeleton_skull":4,"born_in_chaos_v1:fused_bone":12,"born_in_chaos_v1:corpse_maggot":75,"minecraft:air":0,"minecraft:glow_ink_sac":24,"minecraft:salmon":12,"minecraft:leather":36,"minecraft:birch_planks":2,"artifacts:superstitious_hat":1,"iceandfire:ectoplasm":11,"iceandfire:dread_stone_bricks_cracked":90,"minecraft:cobblestone_wall":1,"minecraft:yellow_bed":8,"minecraft:gunpowder":131,"minecraft:cobblestone_stairs":1,"minecraft:coast_armor_trim_smithing_template":4,"immersive_armors:warrior_leggings":3,"minecraft:gray_carpet":2,"chococraft:gold_gysahl":1,"minecraft:acacia_trapdoor":5,"minecraft:rabbit_hide":3,"minecraft:iron_ingot":99,"minecraft:cooked_chicken":88,"minecraft:soul_sand":17,"minecraft:book":348,"minecraft:emerald_block":3,"minecraft:pitcher_plant":1,"minecraft:pumpkin":4,"iceandfire:ash":4,"minecraft:raw_iron_block":1,"born_in_chaos_v1:dark_rod":7,"minecraft:amethyst_shard":44,"chococraft:gysahl_green_seeds":29,"minecraft:red_banner":3,"minecraft:blast_furnace":36,"minecraft:white_bed":78,"ringsofascension:ring_steadfast_steps":1,"minecraft:spider_eye":133,"usefulbackpacks:backpack_large":1,"minecraft:pumpkin_seeds":14,"minecraft:chainmail_leggings":1,"minecraft:iron_helmet":2,"minecraft:terracotta":1,"tombstone:magic_scroll":21,"minecraft:acacia_slab":66,"minecraft:damaged_anvil":5,"minecraft:black_wool":1,"majruszsdifficulty:tattered_chestplate":2,"minecraft:coal":497},"minecraft:custom":{"minecraft:interact_with_crafting_table":386,"minecraft:open_barrel":203,"minecraft:bell_ring":1,"minecraft:leave_game":21,"minecraft:time_since_death":5913,"minecraft:damage_blocked_by_shield":4305,"minecraft:play_time":1951590,"minecraft:deaths":128,"minecraft:jump":36231,"minecraft:enchant_item":20,"minecraft:interact_with_furnace":201,"minecraft:traded_with_villager":612,"minecraft:interact_with_cartography_table":4,"minecraft:sleep_in_bed":63,"minecraft:damage_dealt":169692,"tombstone:undead_killed":379,"minecraft:interact_with_smoker":168,"minecraft:inspect_dispenser":1,"minecraft:interact_with_smithing_table":5,"minecraft:interact_with_anvil":25,"minecraft:sneak_time":61109,"minecraft:interact_with_blast_furnace":240,"minecraft:total_world_time":1952858,"tombstone:raider_killed":39,"minecraft:tune_noteblock":18,"minecraft:time_since_rest":5707,"minecraft:swim_one_cm":292457,"minecraft:fly_one_cm":7928135,"minecraft:open_chest":2408,"minecraft:fall_one_cm":1241775,"minecraft:damage_resisted":550,"minecraft:sprint_one_cm":6913045,"minecraft:drop":304,"minecraft:play_noteblock":24,"minecraft:talked_to_villager":9,"minecraft:walk_on_water_one_cm":220603,"minecraft:player_kills":2,"minecraft:crouch_one_cm":178703,"minecraft:mob_kills":915,"minecraft:fill_cauldron":1,"minecraft:interact_with_campfire":15,"minecraft:damage_dealt_resisted":6608,"minecraft:climb_one_cm":75345,"minecraft:walk_one_cm":3179695,"minecraft:walk_under_water_one_cm":328671,"minecraft:pot_flower":2,"minecraft:interact_with_grindstone":3,"minecraft:damage_taken":99939,"minecraft:damage_absorbed":291,"minecraft:trigger_trapped_chest":20}},"DataVersion":3465}