{"stats":{"minecraft:used":{"minecraft:stone_pickaxe":1,"minecraft:baked_potato":22,"minecraft:oak_planks":19,"minecraft:iron_sword":18,"minecraft:dirt":12,"minecraft:tnt":1,"minecraft:crafting_table":2,"minecraft:jungle_planks":48,"minecraft:carrot":15,"minecraft:wooden_axe":27,"minecraft:diamond_pickaxe":489,"minecraft:iron_pickaxe":232,"minecraft:cyan_bed":3,"minecraft:bread":2,"minecraft:iron_helmet":1,"born_in_chaos_v1:smoked_monster_flesh":2,"minecraft:diamond_sword":24,"minecraft:stone_axe":1,"minecraft:cobblestone":10,"minecraft:andesite":1,"tombstone:gift":2,"chococraft:gysahl_green":2,"minecraft:trapped_chest":1,"minecraft:egg":2,"minecraft:cobbled_deepslate":23,"minecraft:iron_leggings":1},"minecraft:killed":{"minecraft:slime":11,"minecraft:skeleton":1,"minecraft:zombie":2,"born_in_chaos_v1:corpse_fish":1},"minecraft:broken":{"minecraft:iron_pickaxe":1},"minecraft:dropped":{"patchouli:guide_book":1,"minecraft:stick":5,"artifacts:night_vision_goggles":1,"minecraft:wooden_axe":1,"chococraft:gysahl_green":26},"minecraft:killed_by":{"minecraft:skeleton":1},"minecraft:crafted":{"minecraft:oak_planks":76,"minecraft:diamond_sword":1,"minecraft:tripwire_hook":2,"minecraft:crafting_table":1,"minecraft:bucket":1,"minecraft:birch_planks":20,"born_in_chaos_v1:smoked_monster_flesh":7,"minecraft:jungle_planks":64,"minecraft:tnt":1,"minecraft:diamond_pickaxe":1,"minecraft:stick":12,"minecraft:wooden_axe":1,"minecraft:chest":1,"minecraft:trapped_chest":1},"minecraft:mined":{"minecraft:deepslate_redstone_ore":41,"minecraft:tuff":25,"minecraft:spruce_planks":2,"minecraft:white_bed":1,"minecraft:farmland":1,"minecraft:deepslate_diamond_ore":60,"minecraft:jungle_leaves":1,"minecraft:crafting_table":1,"minecraft:grass_block":1,"minecraft:jungle_planks":1,"minecraft:jungle_log":5,"minecraft:deepslate_gold_ore":19,"minecraft:cyan_bed":3,"minecraft:oak_planks":3,"minecraft:diorite":2,"minecraft:wheat":1,"minecraft:andesite":2,"minecraft:target":1,"minecraft:deepslate_lapis_ore":8,"minecraft:fletching_table":1,"minecraft:deepslate_iron_ore":7,"minecraft:coal_ore":13,"minecraft:grass":8,"chococraft:gysahl_green":10,"minecraft:oak_log":5,"minecraft:beetroots":1,"minecraft:vine":1,"minecraft:gravel":9,"minecraft:sand":18,"minecraft:dirt":1,"minecraft:cobweb":1,"minecraft:stone":8,"minecraft:acacia_planks":3,"minecraft:deepslate":527,"minecraft:oak_leaves":3,"minecraft:fern":2,"minecraft:orange_bed":1},"minecraft:picked_up":{"minecraft:birch_log":5,"minecraft:crafting_table":1,"chococraft:loverly_gysahl_green":1,"minecraft:wheat":7,"artifacts:night_vision_goggles":2,"minecraft:andesite":2,"minecraft:jungle_log":16,"minecraft:potato":6,"minecraft:tuff":25,"minecraft:oak_log":20,"minecraft:lapis_lazuli":52,"minecraft:string":1,"minecraft:dirt":13,"minecraft:moss_carpet":1,"minecraft:lantern":1,"minecraft:iron_leggings":1,"ringsofascension:ring_knockback_resistance":1,"minecraft:bone":1,"chococraft:gysahl_green":54,"minecraft:acacia_planks":3,"minecraft:wheat_seeds":41,"minecraft:cobbled_deepslate":531,"minecraft:raw_gold":19,"minecraft:spruce_planks":2,"minecraft:cooked_chicken":32,"minecraft:fletching_table":1,"minecraft:oak_planks":3,"minecraft:iron_sword":1,"minecraft:egg":2,"minecraft:raw_iron":7,"minecraft:gravel":9,"minecraft:sand":18,"minecraft:jungle_planks":1,"minecraft:diorite":2,"chococraft:gysahl_green_seeds":10,"ringsofascension:ring_steadfast_steps":1,"minecraft:carrot":64,"minecraft:cyan_bed":3,"minecraft:redstone":183,"minecraft:rotten_flesh":2,"minecraft:arrow":4,"minecraft:diamond":60,"minecraft:beetroot_seeds":1,"minecraft:iron_helmet":1,"minecraft:bread":32,"born_in_chaos_v1:rotten_fish":1,"minecraft:oak_sapling":1,"minecraft:glow_berries":3,"minecraft:coal":13,"minecraft:cobblestone":8},"minecraft:custom":{"minecraft:mob_kills":17,"minecraft:interact_with_crafting_table":19,"minecraft:interact_with_loom":1,"minecraft:bell_ring":17,"minecraft:leave_game":9,"minecraft:time_since_death":0,"minecraft:sleep_in_bed":2,"minecraft:climb_one_cm":1614,"minecraft:time_since_rest":0,"minecraft:sprint_one_cm":242774,"minecraft:damage_taken":6010,"minecraft:walk_one_cm":199929,"minecraft:drop":5,"minecraft:damage_dealt":1390,"minecraft:swim_one_cm":1470,"minecraft:fly_one_cm":179909,"minecraft:open_chest":74,"minecraft:crouch_one_cm":5293,"minecraft:play_time":92102,"tombstone:undead_killed":3,"minecraft:deaths":5,"minecraft:sneak_time":2588,"minecraft:walk_under_water_one_cm":34404,"minecraft:jump":1185,"minecraft:walk_on_water_one_cm":12438,"minecraft:interact_with_smoker":5,"minecraft:total_world_time":92102,"minecraft:fall_one_cm":80278}},"DataVersion":3465}